[],再生
"['en', 'simili-cuir', 'recyclé']",仿皮
['Sneakers'],运动鞋
"['en', 'cuir']",皮革
"['à', 'lacets']",系带
['Sneakers'],运动鞋
[],系带
[],皮革
['Basketsàlacetsencuir'],运动鞋
[],撞色
['color-block'],仿皮
"['à', 'scratch', 'en', 'simili-cuir']",粘扣
['Baskets'],运动鞋
['Sneakers'],运动鞋
[],低帮
['Basketsbasses'],运动鞋
['Basketsbasses'],运动鞋
['imprimé'],印花
"['en', 'cuir']",皮革
"['à', 'lacets']",系带
['Sneakers'],运动鞋
"['en', 'cuir']",皮革
['montantes'],高帮
['Baskets'],运动鞋
"['en', 'cuir']",皮革
['montantes'],高帮
['Baskets'],运动鞋
['imprimé'],印花
"['en', 'cuir']",皮革
"['à', 'lacets']",系带
['Sneakers'],运动鞋
[],再生
"['en', 'simili-cuir', 'recyclé']",仿皮
['Baskets'],运动鞋
[],洗水
"['en', 'cuir']",皮革
"['à', 'lacets']",系带
['Sneakers'],运动鞋
[],撞色
"['en', 'simili-cuir', 'color-block']",仿皮
['Baskets'],运动鞋
[],再生
[],聚酯
[],混纺
['Sneakersenpolyestermélangérecyclé'],运动鞋
[],一
[],脚蹬
['Sneakersàenfiler'],运动鞋
"['en', 'cuir']",皮革
['Sneakers'],运动鞋
"['à', 'scratch', 'en', 'cuir']",皮革
[],粘扣
['Baskets'],运动鞋
[],仿皮
"['en', 'simili-cuir']",低帮
"['à', 'lacets']",系带
['Sneakers'],运动鞋
[],再生
[],聚酯
['Sneakersenpolyesterrecyclé'],运动鞋
[],再生
[],聚酯
['Sneakersenpolyesterrecyclé'],运动鞋
[],印花
[],仿皮
"['à', 'lacets', 'en', 'simili-cuir', 'imprimé']",系带
['Sneakers'],运动鞋
"['à', 'lacets']",系带
['Sneakers'],运动鞋
"['en', 'cuir']",皮革
['montantes'],高帮
['Baskets'],运动鞋
"['à', '', 'embossé']",压纹
"['en', 'cuir']",皮革
"['à', 'lacets']",脚蹬
[],一
['Sneakers'],运动鞋
"['en', 'cuir']",皮革
['basses'],低帮
['Baskets'],运动鞋
[],印花
"['en', 'cuir', 'imprimé']",皮革
['montantes'],高帮
['Baskets'],运动鞋
['imprimé'],印花
"['en', 'coton']",棉质
"['à', 'lacets']",系带
['Sneakers'],运动鞋
['imprimé'],印花
"['à', 'scratch', 'en', 'cuir']",皮革
[],粘扣
['Sneakers'],运动鞋
"['en', 'cuir']",皮革
"['à', 'lacets']",系带
['Baskets'],运动鞋
"['en', 'cuir']",皮革
['Sneakers'],运动鞋
['imprimé'],印花
"['en', 'cuir']",皮革
"['à', 'lacets']",系带
['Sneakers'],运动鞋
"['avec', 'patch']",贴片
"['en', 'cuir']",皮革
"['à', 'lacets']",系带
['Sneakers'],运动鞋
[],印花
['imprimé'],amp
"['et', 'cuir']",皮革
"['en', 'néoprène']",氯丁橡胶
[],&
[],;
['Baskets'],运动鞋
"['avec', 'patch']",贴片
"['en', 'cuir']",皮革
['montantes'],高帮
['Sneakers'],运动鞋
"['en', 'cuir']",皮革
"['à', 'lacets']",系带
['Sneakers'],运动鞋
['mélangé'],混合
"['en', 'cuir']",皮革
"['à', 'lacets']",系带
['Sneakers'],运动鞋
['imprimé'],印花
"['en', 'cuir']",皮革
"['à', 'lacets']",系带
['Sneakers'],运动鞋
['imprimé'],印花
"['à', 'scratch', 'en', 'cuir']",皮革
[],粘扣
['Baskets'],运动鞋
['vulcanisé'],硫化
"['en', 'cuir']",皮革
"['à', 'lacets']",系带
['Baskets'],运动鞋
"['en', 'simili-cuir']",仿皮
"['à', 'lacets']",系带
['Sneakers'],运动鞋
[],再生
"['en', 'polyester', 'recyclé']",聚酯
['Baskets'],运动鞋
"['à', 'lacets']",系带
['Sneakers'],运动鞋
[],再生
"['slip-on', 'en', 'polyester', 'recyclé']",聚酯
[],Classic
[],一
[],脚蹬
['Baskets'],运动鞋
['imprimé'],印花
"['en', 'cuir']",皮革
"['à', 'lacets']",系带
['Sneakers'],运动鞋
['mélangé'],混合
"['en', 'cuir']",皮革
"['à', 'lacets']",系带
['Sneakers'],运动鞋
"['À', 'SCRATCH', 'EN', 'COTON', 'BIOLOGIQUE']",有机棉
[],粘扣
['BASKETS'],运动鞋
"['en', 'simili-cuir']",仿皮
"['à', 'lacets']",系带
['Sneakers'],运动鞋
[],棉质
[],牛仔
['Sneakers'],运动鞋
[],印花
['Sneakersimprimées'],运动鞋
[],互扣
[],式
['GG'],G
[],凉
['Claquettes'],拖
[],皮革
"['en', 'cuir']",拖
['Claquettes'],凉
['imprimé'],印花
"['en', 'caoutchouc']",橡胶
[],凉
['Claquettes'],拖
[],凉
['Claquettes'],拖
"['en', 'coton']",棉质
['Sneakers'],运动鞋
"['EN', 'CUIR']",脚蹬
['SLIP-ON'],边带
[],皮革
[],一
['BASKETS'],运动鞋
[],亚麻
[],混纺
"['en', 'lin', 'mélangé']",平底鞋
['Ballerines'],芭蕾
[],格纹
"['à', 'carreaux']",平底鞋
[],棉质
"['en', 'toile', 'de', 'coton']",帆布
['Ballerines'],芭蕾
[],图案
"['mélangé', 'à', 'motif']",混纺
"['en', 'lin']",亚麻
['Sandales'],凉鞋
[],粘扣
['Sneakers'],运动鞋
[],印花
[],混
[],棉麻
"['mélangé', 'imprimé']",底
"['en', 'coton']",周身
['Espadrilles'],便鞋
[],巴洛克
['Baroque'],麻底
['imprimées'],印花
['Espadrilles'],便鞋
"['sans', 'chrome']",粘扣
[],铬
"['à', 'scratch', 'en', 'cuir']",皮革
[],无
['Baskets'],运动鞋
[],格纹
"['à', 'carreaux']",印花
"['à', 'lacets', 'en', 'coton']",棉质
['Sneakers'],运动鞋
[],马衔
[],扣
"['détail', 'mors']",细节
['pailletées'],亮粉
['Sandales'],凉鞋
"['à', 'carreaux']",格纹
"['en', 'coton']",棉质
"['à', 'lacets']",系带
['Sneakers'],运动鞋
"['sans', 'chrome']",粘扣
[],铬
"['à', 'scratch', 'en', 'cuir']",皮革
[],无
['Baskets'],运动鞋
[],针织
"['à', 'enfiler', 'en', 'maille']",脚蹬
[],一
['Sneakers'],运动鞋
"['et', 'daim']",棉
"['à', 'scratch', 'en', 'coton']",麂皮
[],&
[],amp
[],;
[],粘扣
['Sneakers'],运动鞋
"['en', 'cuir']",皮革
"['à', 'lacets']",系带
['Baskets'],运动鞋
"['en', 'simili-cuir']",仿皮
"['à', 'lacets']",系带
['Sneakers'],运动鞋
[],棉质
[],系带
['Sneakersàlacetsencoton'],运动鞋
[],系带
['Sneakersàlacets'],运动鞋
"['en', 'cuir']",皮革
['Sneakers'],运动鞋
[],印花
"['en', 'simili-cuir', 'imprimé']",仿皮
['Baskets'],运动鞋
[],马衔
[],扣
[],细节
"['détail', 'mors', 'de', 'cheval']",平底鞋
"['en', 'cuir', 'verni']",漆皮
['Ballerines'],芭蕾
[],马衔
[],扣
"['mors', 'de', 'cheval']",平底鞋
['détail'],细节
"['en', 'cuir']",皮革
['Ballerines'],芭蕾
"['en', 'cuir']",皮革
[],魔术
"['à', 'scratch']",贴
['Baskets'],运动鞋
[],棉质
"['en', 'toile', 'de', 'coton']",帆布
"['à', 'lacets']",系带
['Baskets'],运动鞋
[],Free
[],皮革
[],粘扣
['Basketsàscratchencuirsans'],运动鞋
[],条纹
[],棉质
['IMPRIMÉ'],系带
[],Icon
"['EN', 'TOILE', 'DE', 'COTON']",logo
['SNEAKERS'],运动鞋
"['en', 'simili-cuir']",仿皮
"['à', 'lacets']",系带
['Sneakers'],运动鞋
"['AVEC', 'IMPRIMÉ']",印
"['EN', 'CUIR']",皮革
['BASKETS'],运动鞋
['imprimé'],印花
"['à', 'scratch', 'en', 'cuir']",皮革
[],粘扣
['Sneakers'],运动鞋
[],条纹
"['coton', 'à']",棉质
"['à', 'enfiler']",脚蹬
[],一
['Baskets'],运动裤
"['en', 'cuir']",皮革
['Sneakers'],运动鞋
['vulcanisé'],硫化
"['en', 'cuir']",皮革
"['à', 'lacets']",系带
['Baskets'],运动鞋
"['en', 'cuir']",皮革
"['à', 'lacets']",系带
['Sneakers'],运动鞋
['imprimé'],印花
"['en', 'cuir']",皮革
['Baskets'],运动鞋
[],Free
[],皮革
[],粘扣
['Basketsàscratchencuirsans'],运动鞋
[],皮革
[],及踝
['Bottinesencuir'],靴
[],泰迪熊
"['en', 'cuir', 'avec', 'patch', 'ourson']",贴片
['Bottes'],皮靴
"['avec', 'chaîne']",链条
[],装饰
"['en', 'daim', 'pailleté']",亮粉
[],麂皮
"['à', 'lacets']",系带
['Bottes'],靴
[],amp
['et'],人造
[],皮革
"['à', 'scratch', 'en', 'cuir']",麂皮
[],&
[],;
[],粘扣
['Baskets'],运动鞋
['Sandales'],凉鞋
[],装饰
"['en', 'cuir']",皮革
"['à', 'scratch']",泰迪熊
[],粘扣
['Sneakers'],运动鞋
['Sneakers'],运动鞋
[],系带
[],皮革
['Basketsàlacetsencuirimprimé'],运动鞋
[],心形
[],印花
"['imprimé', 'cœurs']",粘扣
"['à', 'scratch', 'en', 'cuir']",皮革
['Sneakers'],运动鞋
"['à', 'carreaux']",格纹
"['à', 'scratch', 'en', 'coton']",棉质
[],粘扣
['Baskets'],运动鞋
['imprimé'],印花
"['en', 'toile']",帆布
"['à', 'lacets']",系带
['Baskets'],运动鞋
['chrome'],铬
['sans'],无
"['en', 'cuir']",皮革
['Sneakers'],运动鞋
['mélangée'],混合
"['en', 'toile']",帆布
['Sneakers'],运动鞋
"['en', 'cuir']",皮革
['basses'],低帮
['Baskets'],运动鞋
"['à', 'carreaux']",格纹
[],橡胶
"['en', 'caoutchouc']",拖
['Claquettes'],凉
[],条纹
"['coton', 'à']",棉质
"['à', 'enfiler']",脚蹬
[],一
['Baskets'],运动裤
"['à', 'scratch', 'en', 'cuir']",皮革
[],粘扣
['Sneakers'],运动鞋
['Sneakers'],运动鞋
[],纳帕
[],皮
['BASKETSENCUIRNAPPA'],运动鞋
[],“
[],”
[],针织
[],套
[],穿式
"['SNEAKERSSLIP-ONENMAILLE""""']",运动鞋
"['en', 'coton']",棉质
[],条纹
"['à', 'lacets']",系带
['Sneakers'],运动鞋
['imprimé'],印花
[],棉质
"['à', 'lacets', 'en', 'coton']",系带
['montantes'],高帮
['Sneakers'],运动鞋
['imprimé'],印花
[],棉质
"['à', 'lacets', 'en', 'coton']",系带
['montantes'],高帮
['Sneakers'],运动鞋
['Baskets'],运动鞋
[],纳帕
[],皮
['BASKETSENCUIRNAPPA'],运动鞋
[],仿皮
[],粘扣
['Basketsàscratchensimili-cuir'],运动鞋
"['À', 'SCRATCH', 'EN', 'CUIR']",皮革
[],搭扣
['BASKETS'],运动鞋
[],印
[],针织
"['SLIP-ON', 'EN', 'MAILLE', 'IMPRIMÉ']",脚蹬
[],一
['BASKETS'],运动鞋
[],印
[],针织
"['SLIP-ON', 'EN', 'MAILLE', 'IMPRIMÉ']",脚蹬
[],一
['BASKETS'],运动鞋
[],印
[],针织
"['SLIP-ON', 'EN', 'MAILLE', 'IMPRIMÉ']",脚蹬
[],一
['BASKETS'],运动鞋
"['EN', 'CUIR']",皮革
"['À', 'SCRATCH']",贴
[],泰迪熊
[],魔术
['SNEAKERS'],运动鞋
"['EN', 'CUIR']",皮革
"['À', 'SCRATCH']",贴
[],泰迪熊
[],魔术
['SNEAKERS'],运动鞋
"['EN', 'CUIR']",皮革
"['À', 'SCRATCH']",贴
[],泰迪熊
[],魔术
['SNEAKERS'],运动鞋
"['EN', 'CUIR']",皮革
"['À', 'SCRATCH']",贴
[],泰迪熊
[],魔术
['SNEAKERS'],运动鞋
"['hauts', 'en', 'nylon']",尼龙
[],高筒
['Après-ski'],雪地靴
"['hauts', 'en', 'nylon']",尼龙
[],高筒
['Après-ski'],雪地靴
"['hauts', 'en', 'nylon']",尼龙
[],高筒
['Après-ski'],雪地靴
"['hauts', 'en', 'nylon']",尼龙
[],高筒
['Après-ski'],雪地靴
"['hauts', 'en', 'nylon']",尼龙
[],高筒
['Après-ski'],雪地靴
['imprimé'],印花
"['en', 'cuir']",皮革
"['à', 'lacets']",系带
['Sneakers'],运动鞋
"['de', 'polyester']",聚酯
['recyclée'],再生
"['en', 'maille']",针织
['Sneakers'],运动鞋
[],尼龙
[],橡胶
['caoutchouc'],雪地靴
"['en', 'nylon', 'et']",amp
[],&
['Après-ski'],;
[],尼龙
[],橡胶
['caoutchouc'],雪地靴
"['en', 'nylon', 'et']",amp
[],&
['Après-ski'],;
[],尼龙
[],橡胶
['caoutchouc'],雪地靴
"['en', 'nylon', 'et']",amp
[],&
['Après-ski'],;
[],印花
['imprimé'],amp
"['et', 'cuir']",皮革
"['en', 'néoprène']",氯丁橡胶
[],&
[],;
['Baskets'],运动鞋
['imprimé'],印花
[],皮革
"['combat', 'en', 'cuir']",军风
['Bottes'],靴
['imprimé'],印花
[],皮革
"['combat', 'en', 'cuir']",军风
['Bottes'],靴
['Icon'],Logo
['imprimé'],印花
[],皮革
"['combat', 'en', 'cuir']",军风
['Bottes'],靴
['imprimé'],印花
"['en', 'cuir']",皮革
"['à', 'lacets']",系带
['Sneakers'],运动鞋
['imprimé'],印花
"['en', 'cuir']",皮革
"['à', 'lacets']",系带
['Sneakers'],运动鞋
[],刺绣
[],皮革
"['combat', 'en', 'cuir', 'à', '', 'brodé']",军风
['Bottes'],靴
"['ET', 'DENIM']",牛仔
[],amp
"['EN', 'CAOUTCHOUC']",皮革
"['DE', 'NEIGE']",雪地靴
[],&
['BOTTES'],;
[],装饰
"['en', 'cuir']",皮革
"['à', 'scratch']",泰迪熊
[],粘扣
['Sneakers'],运动鞋
['color-block'],撞色
"['en', 'cuir']",皮革
"['de', 'randonnée']",登山
['Bottes'],靴
['imprimé'],印花
"['en', 'nylon']",尼龙
['Après-ski'],雪地靴
['imprimé'],印花
"['en', 'nylon']",尼龙
['Après-ski'],雪地靴
[],印花
[],皮革
"['cuir', 'imprimé']",尼龙
"['en', 'nylon', 'et']",amp
"['de', 'randonnée']",登山
[],&
[],;
['Bottes'],靴
"['en', 'simili-cuir']",仿皮
['Baskets'],运动鞋
['imprimé'],印花
"['en', 'cuir']",皮革
"['de', 'randonnée']",登山
['Bottes'],风靴
['imprimé'],印花
"['en', 'cuir']",皮革
"['à', 'lacets']",系带
['Sneakers'],运动鞋
[],印花
"['à', 'imprimé']",针织
"['montnates', 'en', 'maille']",高帮
[],袜子
['Sneakers'],运动鞋
[],印花
"['à', 'imprimé']",针织
"['montnates', 'en', 'maille']",高帮
[],袜子
['Sneakers'],运动鞋
"['en', 'cuir']",皮革
"['à', 'lacets']",系带
['Baskets'],运动鞋
"['en', 'cuir']",皮革
"['à', 'lacets']",系带
['Baskets'],运动鞋
"['en', 'cuir']",皮革
[],拉链
['zippées'],开合
['Bottes'],靴子
"['en', 'simili-cuir']",仿皮
"['à', 'lacets']",系带
['Sneakers'],运动鞋
"['en', 'simili-cuir']",仿皮
"['à', 'lacets']",系带
['Sneakers'],运动鞋
['imprimé'],印花
"['en', 'cuir']",皮革
"['à', 'lacets']",系带
['Sneakers'],运动鞋
[],麂皮
"['à', 'lacets']",系带
['Baskets'],运动鞋
['mélangé'],混合
"['en', 'cuir']",皮革
"['à', 'scratch']",贴片
[],粘扣
['Sneakers'],运动鞋
['mélangé'],混合
"['en', 'cuir']",皮革
"['à', 'scratch']",贴片
[],粘扣
['Sneakers'],运动鞋
[],仿皮
['Basketsensimili-cuir'],运动鞋
[],装饰
[],漆
"['en', 'cuir', 'verni']",皮靴子
['Bottes'],小熊
[],皮革
"['à', 'lacets', 'en', 'cuir']",系带
['montantes'],高帮
['Sneakers'],运动鞋
['color-block'],撞色
[],贴片
"['en', 'cuir']",皮革
['Baskets'],运动鞋
"['en', 'cuir']",皮革
['basses'],低帮
['Baskets'],运动鞋
[],再生
['recyclée'],聚酯
"['en', 'maille']",针织
['Sneakers'],运动鞋
['color-block'],撞色
"['en', 'cuir']",皮革
"['à', 'lacets']",系带
['Baskets'],运动鞋
[],泰迪熊
['ourson'],贴片
"['avec', 'patch']",皮革
"['combat', 'en', 'cuir']",军风
['Bottes'],靴
"['à', 'carreaux']",格纹
"['en', 'coton']",棉质
"['à', 'lacets']",系带
['Sneakers'],运动鞋
['color-block'],撞色
"['en', 'cuir']",皮革
"['de', 'randonnée']",登山
['Bottes'],靴
"['avec', 'patch']",贴片
"['en', 'cuir']",皮革
"['à', 'lacets']",系带
['Sneakers'],运动鞋
"['avec', 'patch']",贴片
"['en', 'cuir']",皮革
"['à', 'lacets']",系带
['Sneakers'],运动鞋
['recyclé'],再生
"['en', 'simili-cuir']",仿皮
"['à', 'lacets']",系带
['Sneakers'],运动鞋
"['à', '', 'embossé']",压纹
"['en', 'cuir']",皮革
"['à', 'lacets']",脚蹬
[],一
['Sneakers'],运动鞋
['Icon'],Logo
['imprimé'],印花
"['en', 'cuir']",皮革
"['à', 'lacets']",系带
['Baskets'],运动鞋
['imprimé'],印花
"['en', 'nylon']",尼龙
['Après-ski'],雪地靴
['imprimé'],印花
"['en', 'nylon']",尼龙
['Après-ski'],雪地靴
"['en', 'maille']",针织
['montantes'],高帮
[],袜子
['Sneakers'],运动鞋
[],印花
[],皮革
"['à', 'lacets', 'en', 'cuir', 'imprimé']",系带
[],军风
"['Bottes', 'combat']",靴
['Sneakersencoton'],运动鞋
"['avec', 'patch']",贴片
"['en', 'cuir']",皮革
['montantes'],高帮
['Baskets'],运动鞋
[],皮革
"['en', 'cuir']",军风
"['à', 'lacets']",系带
"['Bottes', 'combat']",靴
[],小熊
"['imprimé', 'ours']",印花
"['en', 'cuir']",皮革
"['à', 'lacets']",系带
['Sneakers'],运动鞋
"['en', 'cuir']",皮革
['montantes'],高帮
['Baskets'],运动鞋
[],帆布
['Sneakersentoile'],运动鞋
[],帆布
['Sneakersentoile'],运动鞋
[],帆布
['Sneakersentoile'],运动鞋
[],帆布
['Sneakersentoile'],运动鞋
['imprimé'],印花
"['à', 'scratch', 'en', 'cuir']",皮革
[],粘扣
['Sneakers'],运动鞋
['verni'],漆皮
"['combat', 'en', 'cuir']",军风
['Bottes'],靴
[],帆布
"['en', 'toile']",平底鞋
['Ballerines'],芭蕾
"['avec', 'patchs']",贴片
"['en', 'simili-cuir']",仿
['Bottes'],皮靴子
[],针织
"['chaussettes', 'en', 'maille']",袜式
['Sneakers'],运动鞋
['Icon'],Logo
['imprimé'],印花
"['en', 'cuir']",皮革
"['à', 'lacets']",系带
['Baskets'],运动鞋
['color-block'],撞色
"['en', 'simili-cuir']",仿
['Bottes'],皮靴子
"['en', 'cuir']",皮革
"['à', 'lacets']",系带
['Baskets'],运动鞋
[],皮革
"['à', 'lacets', 'en', 'cuir']",系带
['montantes'],高帮
['Sneakers'],运动鞋
['color-block'],撞色
['mélangé'],混合
"['en', 'cuir']",皮革
['Baskets'],运动鞋
"['à', 'scratch', 'en', 'cuir']",皮革
[],粘扣
['Baskets'],运动鞋
"['en', 'cuir']",皮革
['chelsea'],切尔西
['Bottes'],靴
[],印花
[],仿皮
"['à', 'lacets', 'en', 'simili-cuir', 'imprimé']",系带
['Sneakers'],运动鞋
"['et', 'cuir']",皮革
"['en', 'coton']",棉
[],amp
"['à', 'lacets']",系带
[],&
[],;
['Baskets'],运动鞋
"['EN', 'CAOUTCHOUC']",橡胶
"['BOTTES', 'DE', 'SKI']",雪地靴
"['EN', 'CAOUTCHOUC']",橡胶
"['BOTTES', 'DE', 'SKI']",雪地靴
['color-block'],撞色
"['en', 'nylon']",尼龙
"['Bottes', 'de', 'ski']",雪地靴
['imprimé'],印花
[],皮革
"['combat', 'en', 'cuir']",军风
['Bottes'],靴
[],玫瑰
[],印花
"['imprimé', 'roses']",系带
"['à', 'lacets', 'en', 'cuir']",皮革
['Sneakers'],运动鞋
['maille'],amp
[],皮革
['et'],针织
[],军风
"['combat', 'en', 'cuir']",靴
[],&
['Bottes'],;
"['en', 'cuir']",皮革
"['à', 'lacets']",系带
['Baskets'],运动鞋
[],印花
[],皮革
"['à', 'lacets', 'en', 'cuir', 'imprimé']",系带
[],军风
"['Bottes', 'combat']",靴
['color-block'],撞色
[],尼龙
['cuir'],皮革
"['en', 'nylon', 'et']",amp
[],&
[],;
[],及踝
['Bottines'],靴
"['en', 'nylon']",尼龙
['Après-ski'],雪地靴
"['en', 'nylon']",尼龙
['Après-ski'],雪地靴
[],印花
[],皮革
"['à', 'lacets', 'en', 'cuir', 'imprimé']",系带
[],军风
"['Bottes', 'combat']",靴
[],层压
"['en', 'nylon', 'laminé']",亮面
"['Moon', 'boots']",雪地靴
[],皮革
"['en', 'cuir']",靴
['Bottines'],及踝
"['rembourrées', 'en', 'nylon', 'verni']",尼龙
"['de', 'neige']",雪地靴
[],填充
['Bottes'],亮面
"['', 'Stripe']",条纹
[],人造皮
"['en', 'fausse', 'fourrure']",拖
['Claquettes'],草凉
"['à', 'lacets']",系带
['Sneakers'],运动鞋
"['en', 'cuir']",皮革
"['à', 'lacets']",系带
['Sneakers'],运动鞋
[],亮粉
"['en', 'cuir', 'pailleté']",皮革
['montantes'],高帮
['Baskets'],运动鞋
[],洗水
"['en', 'cuir', 'délavé']",皮革
"['à', 'lacets']",系带
[],军风
"['Bottes', 'combat']",靴
['imprimé'],印花
"['à', 'scratch', 'en', 'cuir']",皮革
[],粘扣
['Sneakers'],运动鞋
"['en', 'nylon']",尼龙
['Après-ski'],雪地靴
['mélangée'],混纺
"['en', 'laine']",羊毛
"['à', 'lacets']",系带
['Bottes'],靴子
[],系带
[],皮革
['Sneakersàlacetsencuir'],运动鞋
"['avec', 'patch', 'ourson']",贴片
[],泰迪熊
"['en', 'nylon']",尼龙
['Après-ski'],雪地靴
"['avec', 'patch']",贴片
"['à', 'scratch', 'en', 'cuir']",皮革
[],粘扣
['Sneakers'],运动鞋
['imprimé'],印花
"['en', 'cuir']",皮革
"['à', 'lacets']",系带
['Sneakers'],运动鞋
"['avec', 'ourson']",装饰
[],小熊
[],亮粉
"['en', 'simili-cuir', 'pailleté']",仿皮
['Baskets'],运动鞋
"['avec', 'patch']",logo
[],贴片
[],皮革
"['premier', 'pas', 'en', 'cuir']",学
['Chaussures'],步鞋
"['en', 'simili-cuir']",仿皮
"['à', 'lacets']",系带
['Sneakers'],运动鞋
"['en', 'cuir']",皮革
"['à', 'lacets']",系带
['Baskets'],运动鞋
[],皮革
"['en', 'cuir']",平底鞋
['Ballerines'],芭蕾
"['avec', 'patch', 'ourson']",贴片
[],泰迪熊
"['en', 'nylon']",尼龙
['Après-ski'],雪地靴
['imprimé'],印花
"['en', 'coton']",棉质
"['à', 'lacets']",系带
['Sneakers'],运动鞋
"['EN', 'CUIR']",皮革
"['À', 'LACETS']",系带
['BASKETS'],运动鞋
"['en', 'simili-cuir']",仿
['Bottes'],皮靴子
['imprimé'],印花
"['en', 'nylon']",尼龙
['Après-ski'],雪地靴
[],贴片
[],皮革
"['premier', 'pas', 'en', 'cuir']",学
['Chaussures'],步鞋
"['en', 'nylon']",尼龙
['Après-ski'],雪地靴
['mélangé'],混合
"['en', 'cuir']",皮革
"['à', 'scratch']",贴片
[],粘扣
['Sneakers'],运动鞋
[],再生
[],聚酯
[],混纺
['Sneakersenpolyestermélangérecyclé'],运动鞋
[],再生
[],聚酯
[],混纺
['Sneakersenpolyestermélangérecyclé'],运动鞋
"['en', 'daim']",麂皮
['Mocassins'],乐福鞋
[],再生
[],聚酯
[],混纺
['Sneakersenpolyestermélangérecyclé'],运动鞋
[],贴片
[],皮革
"['premier', 'pas', 'en', 'cuir']",学
['Chaussures'],步鞋
[],再生
[],聚酯
['Sneakersenpolyesterrecyclé'],运动鞋
[],泰迪熊
"['avec', 'patch', 'ourson']",贴片
"['en', 'cuir']",皮革
"['à', 'lacets']",系带
['Sneakers'],运动鞋
[],再生
[],聚酯
[],混纺
['Sneakersenpolyestermélangérecyclé'],运动鞋
[],印花
[],仿皮
"['premiers', 'pas', 'en', 'simili-cuir', 'imprimé']",学
['Chaussures'],步鞋
[],印花
"['pas', 'en', 'cuir', 'imprimé']",皮革
['premiers'],学
['Chaussures'],步鞋
['imprimé'],印花
[],尼龙
"['en', 'nylon']",雪地靴
['Après-ski'],中帮
[],Faux
[],leather
['Basketsensimili-cuir'],sneakers
[],recyc
[],led
['enmaillerecyclée'],knit
[],尼龙
"['en', 'nylon']",及踝
['Après-ski'],雪地靴
['imprimé'],印花
"['en', 'caoutchouc']",橡胶
[],凉
['Claquettes'],拖
[],橡胶
"['en', 'caoutchouc']",拖
['Claquettes'],凉
['Sneakers'],运动鞋
[],格纹
"['pas', 'en', 'coton', 'à', 'carreaux']",棉质
['premiers'],学
['Chaussures'],步鞋
[],尼龙
"['en', 'nylon']",及踝
['Après-ski'],雪地靴
"['en', 'cuir']",皮革
"['à', 'lacets']",系带
['Baskets'],运动鞋
"['avec', 'patch']",贴片
"['en', 'caoutchouc']",橡胶
['Bottes'],靴
"['avec', 'patch']",贴片
"['en', 'caoutchouc']",橡胶
['Bottes'],靴
[],帆布
['Sneakersentoile'],运动鞋
[],帆布
['Sneakersentoile'],运动鞋
[],尼龙
[],及踝
"['en', 'nylon']",雪地靴
['Après-ski'],人造皮草
"['avec', 'appliqués']",装饰
[],仿皮
"['en', 'simili-cuir']",学
['Chaussures'],步鞋
[],初
"['en', 'laine', 'vierge']",剪羊毛
['Sneakers'],运动鞋
"['imprimé', 'web']",印花
"['en', 'caoutchouc']",橡胶
[],织带
[],凉
['Claquettes'],拖
['Sneakers'],运动鞋
[],尼龙
"['en', 'nylon']",及踝
['Après-ski'],雪地靴
"['hauts', 'en', 'nylon']",尼龙
[],高筒
['Après-ski'],雪地靴
"['avec', 'patch', 'ourson']",贴片
[],泰迪熊
"['en', 'nylon']",尼龙
['Après-ski'],雪地靴
"['avec', 'patch', 'ourson']",贴片
[],泰迪熊
"['en', 'nylon']",尼龙
['Après-ski'],雪地靴
"['avec', 'patch', 'ourson']",贴片
[],泰迪熊
"['en', 'nylon']",尼龙
['Après-ski'],雪地靴
[],尼龙
"['en', 'nylon']",及踝
['Après-ski'],雪地靴
[],装饰
"['embellies', 'avec', 'fausse', 'fourrure']",人造皮草
[],及踝
['Bottines'],靴
[],装饰
"['embellies', 'avec', 'fausse', 'fourrure']",人造皮草
[],及踝
['Bottines'],靴
"['à', '', 'en', 'métal']",金属
"['en', 'cuir']",皮革
['Bottes'],靴子
['maille'],amp
[],皮革
['et'],针织
[],军风
"['combat', 'en', 'cuir']",靴
[],&
['Bottes'],;
[],皮革
"['à', 'lacets', 'en', 'cuir']",系带
['montantes'],高帮
['Sneakers'],运动鞋
"['en', 'cuir']",皮革
['Bottes'],靴子
[],提花
[],针织
"['et', 'maille', 'jacquard']",amp
"['en', 'cuir']",皮革
['hautes'],高筒靴
[],&
['Bottes'],;
['imprimé'],印花
[],高帮
"['en', 'nylon']",尼龙
['Après-ski'],雪地靴
['imprimé'],印花
[],高帮
"['en', 'nylon']",尼龙
['Après-ski'],雪地靴
"['en', 'cuir']",皮革
"['à', 'lacets']",系带
['Baskets'],运动鞋
"['avec', 'patch']",贴片
"['à', 'enfiler']",脚蹬
[],一
['Sneakers'],运动鞋
[],印花
[],科技
['imprimé'],脚蹬
"['slip-on', 'en', 'tissu', 'technique']",织物
[],一
['Baskets'],运动鞋
"['et', 'maille']",针织
[],amp
"['en', 'cuir']",皮革
[],&
[],;
['Bottes'],靴子
"['en', 'fourrure', 'synthétique']",雪地靴
['Après-ski'],人造皮草
['ourson'],小熊
['détail'],装饰
"['en', 'cuir']",皮革
['Sneakers'],运动鞋
['jacquard'],提花
"['en', 'cuir']",皮革
['Bottes'],靴子
['imprimé'],印花
"['en', 'cuir']",皮革
[],拉链
['zippées'],开合
['Sneakers'],运动鞋
[],amp
"['et', 'simili-cuir']",仿皮
"['en', 'nylon']",尼龙
"['de', 'ski']",滑雪靴
[],&
['Bottes'],;
[],提花
['jacquard'],针织
[],一
"['slip-on', 'en', 'maille']",脚蹬
['Sneakers'],运动鞋
['imprimé'],印花
"['en', 'cuir']",皮革
['Bottes'],靴子
['mélangé'],混合
[],皮革
"['combat', 'en', 'cuir']",军风
['Bottes'],靴
"['à', 'scratch', 'en', 'cuir']",皮革
[],粘扣
['Baskets'],运动鞋
"['en', 'maille']",针织
['montantes'],高帮
[],袜子
['Baskets'],运动鞋
[],贴片
"['avec', 'patch']",amp
"['et', 'shearling']",剪羊毛
"['en', 'cuir']",皮革
[],&
[],;
['Sneakers'],运动鞋
[],漆皮
[],绸缎
"['en', 'satin']",及踝
[],&
[],amp
[],;
['Après-ski'],雪地靴
"['en', 'cuir', 'verni']",漆
['Bottes'],皮靴子
[],麂皮
['Bottes'],靴子
['shearling'],剪羊毛
[],人造
"['en', 'simili-cuir', 'et', 'faux']",仿
['Bottes'],皮靴子
['léopard'],豹纹
"['à', 'scratch', 'à', 'imprimé']",印花
[],粘扣
['Baskets'],运动鞋
['clouté'],铆钉
[],皮革
"['en', 'cuir']",靴
['Bottines'],及踝
['imprimé'],印花
"['en', 'caoutchouc']",橡胶
[],凉
['Claquettes'],拖
['Sneakers'],运动鞋
['technique'],科技
[],织物
"['en', 'maille']",针织
['Sneakers'],运动鞋
"['en', 'cuir']",皮革
[],魔术
"['à', 'scratch']",贴
['Baskets'],运动鞋
"['en', 'simili-cuir']",仿皮
"['à', 'lacets']",系带
['Sneakers'],运动鞋
['Maple'],枫叶
"['en', 'cuir']",皮革
"['à', 'lacets']",系带
['Sneakers'],运动鞋
['Maple'],枫叶
"['en', 'cuir']",皮革
"['à', 'lacets']",系带
['Sneakers'],运动鞋
"['en', 'simili-cuir']",仿皮
"['à', 'lacets']",系带
['Sneakers'],运动鞋
"['À', 'SCRATCH', 'EN', 'CUIR']",皮革
[],粘扣
['BASKETS'],运动鞋
['mélangé'],混合
[],皮革
[],一
"['slip-on', 'en', 'cuir']",脚蹬
['Baskets'],运动鞋
['mélangé'],混合
[],皮革
[],一
"['slip-on', 'en', 'cuir']",脚蹬
['Baskets'],运动鞋
"['en', 'simili-cuir']",仿皮
"['à', 'lacets']",系带
['Sneakers'],运动鞋
[],泰迪熊
[],贴片
[],logo
"['avec', 'patch', 'ourson']",拖
"['en', 'caoutchouc']",橡胶
['Claquettes'],凉
[],泰迪熊
[],贴片
[],logo
"['avec', 'patch', 'ourson']",拖
"['en', 'caoutchouc']",橡胶
['Claquettes'],凉
['imprimé'],印花
"['en', 'cuir']",皮革
"['à', 'lacets']",系带
['Sneakers'],运动鞋
['imprimé'],印花
"['en', 'cuir']",皮革
"['à', 'lacets']",系带
['Sneakers'],运动鞋
"['EN', 'CUIR']",皮革
"['À', 'LACETS']",系带
['BASKETS'],运动鞋
[],尼龙
"['en', 'nylon']",amp
[],麂皮
"['à', 'lacets']",系带
[],&
[],;
['Baskets'],运动鞋
[],尼龙
"['en', 'nylon']",amp
[],麂皮
"['à', 'lacets']",系带
[],&
[],;
['Baskets'],运动鞋
['vulcanisé'],硫化
"['à', 'scratch', 'en', 'cuir']",皮革
[],粘扣
['Sneakers'],运动鞋
['technique'],科技
[],织物
"['en', 'maille']",针织
['Sneakers'],运动鞋
[],橡胶
"['en', 'caoutchouc']",拖
['Claquettes'],凉
['ourson'],泰迪熊
"['avec', 'patch']",贴片
[],logo
"['en', 'cuir']",皮革
['Sandales'],凉鞋
['ourson'],泰迪熊
"['avec', 'patch']",贴片
[],logo
"['en', 'cuir']",皮革
['Sandales'],凉鞋
"['EN', 'CUIR']",皮革
"['À', 'LACETS']",系带
['BASKETS'],运动鞋
[],刺绣
"['en', 'cuir', 'brodé']",皮革
"['à', 'enfiler']",脚蹬
[],一
['Baskets'],运动鞋
[],刺绣
"['en', 'cuir', 'brodé']",皮革
"['à', 'enfiler']",脚蹬
[],一
['Baskets'],运动鞋
[],仿皮
['Basketsensimili-cuir'],运动鞋
['imprimé'],印花
[],皮革
"['en', 'cuir']",拖
['Claquettes'],凉
['imprimé'],印花
[],皮革
"['en', 'cuir']",拖
['Claquettes'],凉
[],泰迪熊
"['avec', 'patch', 'ourson']",贴片
"['en', 'cuir']",皮革
"['à', 'lacets']",系带
['Sneakers'],运动鞋
[],印花
[],针织
"['en', 'maille', 'imprimé']",套
['slip-on'],穿式
[],袜子
['Baskets'],运动鞋
['imprimé'],印花
"['en', 'toile']",帆布
"['à', 'lacets']",系带
['Baskets'],运动鞋
"['""TEDDY', 'BEAR""']",泰迪熊
"['EN', 'CUIR']",皮革
['BASKETS'],运动鞋
[],针织
"['chaussettes', 'en', 'maille']",袜式
['Sneakers'],运动鞋
[],皮革
['Sneakersàbrideencuir'],运动鞋
[],皮革
['Sneakersàbrideencuir'],运动鞋
"['en', 'cuir']",皮革
"['à', 'enfiler']",脚蹬
[],一
['Baskets'],运动鞋
[],仿皮
['Basketsensimili-cuir'],运动鞋
"['en', 'cuir']",皮革
"['à', 'lacets']",系带
[],彩虹
['Sneakers'],运动鞋
"['EN', 'CUIR']",皮革
['BASKETS'],运动鞋
"['EN', 'CUIR']",皮革
['BASKETS'],运动鞋
['Sneakers'],运动鞋
['color-block'],撞色
"['en', 'cuir']",皮革
['Baskets'],运动鞋
['ourson'],泰迪熊
"['avec', 'patch']",贴片
"['en', 'cuir']",皮革
['Baskets'],运动鞋
['Sneakers'],运动鞋
[],皮革
[],系带
['Basketsàlacetsencuir'],运动鞋
[],皮革
"['en', 'cuir']",拖
['Claquettes'],凉
[],皮革
"['en', 'cuir']",拖
['Claquettes'],凉
['technique'],科技
"['en', 'tissu']",织物
"['à', 'lacets']",系带
['Baskets'],运动鞋
['Icon'],Logo
['imprimé'],印花
"['en', 'cuir']",皮革
"['à', 'lacets']",系带
['Baskets'],运动鞋
['Icon'],Logo
['imprimé'],印花
"['en', 'cuir']",皮革
"['à', 'lacets']",系带
['Baskets'],运动鞋
[],“
[],”
[],涂层
[],皮革
"['SNEAKERSENCUIRENDUIT""""']",运动鞋
[],束带
"['', 'en', 'toile']",帆布
"['à', 'bride']",印花
['Sandales'],凉鞋
[],印花
"['en', 'coton', 'imprimé']",棉质
['montantes'],高帮
[],袜子
['Sneakers'],运动鞋
"['avec', 'boucles']",搭扣
"['à', 'carreaux']",格纹
"['en', 'cuir']",皮革
['Sandales'],凉鞋
"['avec', 'patchs']",贴片
"['en', 'simili-cuir']",仿
['Bottes'],皮靴子
"['à', 'scratch', 'en', 'cuir']",皮革
[],粘扣
['Baskets'],运动鞋
['Sneakers'],运动鞋
['imprimé'],印花
"['en', 'cuir']",皮革
['Sandales'],凉鞋
['color-block'],撞色
"['à', 'lacets']",系带
['Baskets'],运动鞋
['décorées'],装饰
[],麻底
['Espadrilles'],便鞋
['Baroque'],巴洛克
[],印花
"['en', 'toile', 'imprimée']",帆布
['montantes'],高帮
['Sneakers'],运动鞋
"['en', 'coton']",棉质
"['à', 'lacets']",系带
['Sneakers'],运动鞋
[],层压
['laminé'],亮面
"['en', 'cuir']",皮革
"['à', 'lacets']",系带
['Sneakers'],运动鞋
"['en', 'cuir']",皮革
"['à', 'lacets']",系带
['Sneakers'],运动鞋
[],泰迪熊
"['avec', 'patch', 'ourson']",贴片
"['à', 'enfiler']",脚蹬
[],logo
[],一
['Baskets'],运动鞋
"['en', 'cuir']",皮革
"['à', 'lacets']",系带
['Sneakers'],运动鞋
"['en', 'cuir']",皮革
"['à', 'lacets']",系带
['Sneakers'],运动鞋
"['en', 'toile']",帆布
[],系带
"['sans', 'lacets']",脚蹬
[],一
['Sneakers'],运动鞋
"['', 'IMPRIMÉ']",印
[],橡胶
"['EN', 'CAOUTCHOUC']",拖
['CLAQUETTES'],凉
"['', 'IMPRIMÉ']",印
[],橡胶
"['EN', 'CAOUTCHOUC']",拖
['CLAQUETTES'],凉
"['', 'IMPRIMÉ']",印
[],橡胶
"['EN', 'CAOUTCHOUC']",拖
['CLAQUETTES'],凉
"['', 'IMPRIMÉ']",印
[],橡胶
"['EN', 'CAOUTCHOUC']",拖
['CLAQUETTES'],凉
"['', 'IMPRIMÉ']",印
[],橡胶
"['EN', 'CAOUTCHOUC']",拖
['CLAQUETTES'],凉
[],Open
[],Walk
[],麂皮
['Mocassinsendaim'],乐福鞋
"['en', 'cuir']",皮革
"['à', 'lacets']",系带
[],泰迪熊
['Sneakers'],运动鞋
"['en', 'daim']",麂皮
"['à', 'scratch']",束带
['Sneakers'],运动鞋
['color-block'],撞色
"['en', 'cuir']",皮革
"['à', 'lacets']",系带
['Baskets'],运动鞋
['vulcanisé'],硫化
"['à', 'scratch', 'en', 'cuir']",皮革
[],粘扣
['Sneakers'],运动鞋
"['à', 'lacets']",系带
['Sneakers'],运动鞋
['Baslets'],运动鞋
['imprimé'],印花
"['en', 'toile']",帆布
"['à', 'lacets']",系带
['Baskets'],运动鞋
[],印花
['imprimé'],交叉
"['en', 'cuir']",皮革
['Claquettes'],凉鞋
"['EN', 'CUIR']",皮革
"['À', 'LACETS']",系带
['SNEAKERS'],运动鞋
"['EN', 'CUIR']",皮革
"['À', 'LACETS']",系带
['SNEAKERS'],运动鞋
['Mickey'],米奇
"['à', 'scratch', 'en', 'cuir']",皮革
[],粘扣
['Baskets'],运动鞋
['vulcanisé'],硫化
"['en', 'coton']",棉质
"['à', 'lacets']",系带
['Sneakers'],运动鞋
"['et', 'mesh']",网眼
"['en', 'cuir']",皮革
[],系带
"['à', 'lacets']",amp
[],&
[],;
['Sneakers'],运动鞋
['Baroque'],巴洛克
['imprimé'],印花
"['à', 'lacets']",系带
['Sneakers'],运动鞋
['Baroque'],巴洛克
['imprimé'],印花
"['à', 'lacets']",系带
['Sneakers'],运动鞋
[],皮革
['Basketsàbrideencuir'],运动鞋
"['à', 'carreaux']",格纹
"['en', 'cuir']",皮革
['Sandales'],凉鞋
[],印花
"['à', 'imprimé']",高帮
"['style', 'chaussettes']",袜子
['Sneakers'],运动鞋
"['À', 'SCRATCH', 'EN', 'COTON', 'BIOLOGIQUE']",有机棉
[],粘扣
['BASKETS'],运动鞋
"['à', 'lacets']",系带
['basses'],低帮
['Sneakers'],运动鞋
['vulcanisé'],硫化
"['en', 'coton']",棉质
"['à', 'lacets']",系带
['Sneakers'],运动鞋
"['et', 'coton']",棉
"['en', 'cuir']",皮革
[],系带
"['à', 'lacets']",amp
[],&
[],;
['Sneakers'],运动鞋
"['et', 'coton']",棉
"['en', 'cuir']",皮革
[],系带
"['à', 'lacets']",amp
[],&
[],;
['Sneakers'],运动鞋
"['en', 'cuir']",皮革
"['à', 'lacets']",系带
['Baskets'],运动鞋
[],粘扣
['Baskets'],运动鞋
['recyclé'],再生
['mélangé'],混纺
[],针织
"['en', 'polyester']",聚酯
['Baskets'],运动鞋
[],再生
['RECYCLÉE'],纤维
"['EN', 'MAILLE']",针织
[],“
[],”
['SNEAKERS'],运动鞋
[],皮革
[],系带
['Sneakersàlacetsencuirà'],运动鞋
[],印花
[],麂皮
"['à', 'imprimé']",棉
"['en', 'daim', 'et', 'coton']",amp
[],&
[],;
['Sneakers'],运动鞋
['Mickey'],米奇
"['à', 'scratch', 'en', 'cuir']",皮革
[],粘扣
['Baskets'],运动鞋
['méduses'],果冻
['Sandales'],凉鞋
['méduses'],果冻
['Sandales'],凉鞋
['vulcanisé'],硫化
"['en', 'coton']",棉质
['Sneakers'],运动鞋
[],系带
[],麂皮
['Sneakersàlacetsendaim'],运动鞋
['imprimé'],印花
"['en', 'maille']",针织
[],袜子
['Sneakers'],运动鞋
[],印花
"['en', 'satin', 'imprimé']",绸缎
[],周身
['Mocassins'],乐福鞋
"['à', 'bride']",周身
['Sandales'],凉鞋
[],皮革
['Sandalesàbrideencuir'],凉鞋
[],双色
['bicolore'],麂皮
"['en', 'daim']",麻底
['Espadrilles'],便鞋
"['en', 'cuir']",皮革
"['à', 'lacets']",系带
['Baskets'],运动鞋
"['avec', 'patch']",贴片
"['à', 'scratch', 'en', 'cuir']",皮革
[],粘扣
['Sneakers'],运动鞋
"['en', 'daim']",麂皮
"['à', 'scratch']",束带
['Sneakers'],运动鞋
[],皮革
"['en', 'cuir', 'mélangé']",混纺
['montantes'],高帮
['Baskets'],运动鞋
"['avec', 'charms']",装饰
[],吊坠
"['en', 'daim']",麂皮
['Mocassins'],乐福鞋
"['tie', '&amp;', 'dye']",扎染
"['en', 'cuir']",皮革
"['à', 'lacets']",系带
['Baskets'],运动鞋
[],橡胶
[],凉
['Claquettesencaoutchouc'],拖
[],印花
[],混
[],棉麻
"['mélangé', 'imprimé']",底
"['en', 'coton']",周身
['Espadrilles'],便鞋
['imprimé'],印花
"['en', 'caoutchouc']",橡胶
[],凉
['Claquettes'],拖
"['en', 'tulle']",装饰
[],薄纱
"['avec', 'fleurs']",花朵
"['en', 'cuir']",皮革
['Sandales'],凉鞋
"['en', 'tulle']",装饰
[],薄纱
"['avec', 'fleurs']",花朵
"['en', 'cuir']",皮革
['Sandales'],凉鞋
[],印花
"['à', 'bride', 'en', 'cuir', 'imprimé']",皮革
['Sandales'],凉鞋
[],科技
"['en', 'tissu', 'technique']",织物
['Sandales'],凉鞋
['imprimé'],印花
[],皮革
"['en', 'cuir']",拖
['Claquettes'],凉
['imprimé'],印花
"['en', 'caoutchouc']",橡胶
[],心形
[],凉
['Claquettes'],拖
['imprimé'],印花
"['en', 'caoutchouc']",橡胶
[],心形
[],凉
['Claquettes'],拖
['Medusa'],美杜莎
"['avec', 'patch']",贴片
"['en', 'cuir']",皮革
['Sandales'],凉鞋
[],一
[],脚蹬
['Basketsslip-on'],运动鞋
"['', 'avec', 'boucle']",搭扣
['imprimé'],印花
"['en', 'cuir']",皮革
['Sandales'],凉鞋
['ourson'],泰迪熊
"['à', 'scratch', 'avec', 'patch']",贴片
[],粘扣
[],皮革
['Sneakers'],运动鞋
"['à', '', 'embossé']",压纹
"['en', 'cuir']",皮革
"['à', 'lacets']",系带
['Sneakers'],运动鞋
"['à', '', 'embossé']",压纹
"['en', 'cuir']",皮革
"['à', 'lacets']",系带
['Sneakers'],运动鞋
[],扎染
"['en', 'caoutchouc', 'tie', '&amp;', 'dye']",橡胶
[],凉
['Claquettes'],拖
[],巴洛克
"['imprimée', 'Baroque']",印花
"['en', 'toile']",麻底
[],帆布
['Espadrilles'],便鞋
['ourson'],泰迪熊
"['avec', 'patch']",贴片
[],logo
"['en', 'cuir']",皮革
[],多
['Sandales'],凉鞋
['technique'],科技
[],皮革
"['en', 'cuir', 'et', 'tissu']",织物
[],印花
"['à', 'bride']",amp
[],&
[],;
['Sandales'],凉鞋
[],橡胶
[],凉
['Claquettesencaoutchouc'],拖
[],橡胶
[],凉
['Claquettesencaoutchouc'],拖
"['à', 'lacets']",系带
['montantes'],高帮
['Sneakers'],运动鞋
"['en', 'tulle']",薄纱
[],心形
"['avec', 'cœurs']",装饰
"['en', 'cuir']",皮革
['Baskets'],运动鞋
['Mouse'],贴片
"['avec', 'patchs', 'Mickey']",米奇
"['en', 'simili-cuir']",仿皮
['Sandales'],凉鞋
[],一
[],脚蹬
['Sneakersslip-on'],运动鞋
['Baskets'],运动鞋
[],泰迪熊
"['avec', 'patch', 'ourson']",贴片
"['à', 'bride', 'en', 'cuir']",皮革
['Sandales'],凉鞋
['Finger'],脚趾
"['avec', 'boucle']",搭扣
['imprimé'],印花
"['en', 'cuir']",皮革
['Sandales'],凉鞋
"['en', 'nylon']",尼龙
['Sandales'],凉鞋
[],意大利
[],国旗
"['avec', 'drapeau', 'italien']",运动鞋
"['en', 'cuir']",皮革
"['Basket', 'à', 'lacets']",系带
[],皮革
[],高帮
['Sneakersmontantesencuir'],运动鞋
"['à', 'lacets']",系带
['Sneakers'],运动鞋
[],“
[],”
"['BASKETS""""']",运动鞋
[],针织
"['à', 'enfiler', 'en', 'maille']",脚蹬
[],一
['Sneakers'],运动鞋
['technique'],科技
[],织物
"['en', 'maille']",针织
['Sneakers'],运动鞋
['chrome'],铬
['sans'],无
"['en', 'cuir']",皮革
['Sneakers'],运动鞋
['imprimé'],印花
"['en', 'caoutchouc']",橡胶
[],凉
['Claquettes'],拖
['vulcanisé'],硫化
"['en', 'coton']",棉质
['Sneakers'],运动鞋
['chrome'],铬
['sans'],无
"['en', 'cuir']",皮革
['Sneakers'],运动鞋
"['à', '', 'Maple', 'Leaf']",枫叶
"['en', 'cuir']",皮革
['Baskets'],运动鞋
[],系带
['Basketsàlacets'],运动鞋
[],纯素
"['EN', 'CUIR']",皮革
"['À', 'LACETS']",系带
['SNEAKERS'],运动鞋
['Baroque'],巴洛克
['imprimé'],印花
"['en', 'cuir']",皮革
['Sandales'],凉鞋
[],皮革
['Sandalesàbrideencuir'],凉鞋
"['détail', 'Medusa']",拖
[],装饰
"['en', 'caoutchouc']",橡胶
[],美杜莎
['Claquettes'],凉
"['à', '', 'Maple']",枫叶
"['en', 'cuir']",皮革
"['à', 'lacets']",系带
['Sneakers'],运动鞋
[],雏菊
[],印花
"['en', 'simili-cuir', 'imprimé', 'marguerites']",仿皮
['Sandales'],凉鞋
[],雏菊
[],印花
"['en', 'simili-cuir', 'imprimé', 'marguerites']",仿皮
['Sandales'],凉鞋
[],闪粉
['pailleté'],拖
"['en', 'caoutchouc']",橡胶
['Claquettes'],凉
[],闪粉
['pailleté'],拖
"['en', 'caoutchouc']",橡胶
['Claquettes'],凉
"['à', 'lacets']",系带
['basses'],低帮
['Sneakers'],运动鞋
['mélangé'],混纺
"['en', 'cuir']",皮革
"['à', 'lacets']",系带
['Sneakers'],运动鞋
"['en', 'cuir']",皮革
['Sandales'],凉鞋
['imprimé'],印花
"['en', 'cuir']",皮革
"['à', 'lacets']",系带
['Baskets'],运动鞋
[],皮革
[],系带
['Basketsàlacetsencuir'],运动鞋
['imprimé'],印花
"['en', 'cuir']",皮革
"['à', 'lacets']",系带
['Baskets'],运动鞋
[],美杜莎
"['avec', 'Medusa', 'embossée']",拖
"['en', 'caoutchouc']",橡胶
[],印花
['Claquettes'],凉
"['en', 'cuir']",皮革
"['à', 'lacets']",系带
['Sneakers'],运动鞋
[],印花
"['en', 'simili-cuir', 'imprimé']",仿皮
['Sandales'],凉鞋
[],印花
"['en', 'simili-cuir', 'imprimé']",仿皮
['Sandales'],凉鞋
[],花朵
"['avec', 'fleurs']",装饰
"['en', 'cuir']",皮革
['Sandales'],凉鞋
['Sneakers'],运动鞋
['imprimé'],印花
"['en', 'caoutchouc']",橡胶
['Tongs'],人字拖
['imprimé'],印花
"['en', 'caoutchouc']",橡胶
['Tongs'],人字拖
['Baskets'],运动鞋
[],橡胶
"['en', 'caoutchouc']",拖
['Claquettes'],凉
['imprimé'],印花
"['en', 'caoutchouc']",橡胶
[],凉
['Claquettes'],拖
['Sneakers'],运动鞋
[],系带
['Sneakersàlacets'],运动鞋
[],泰迪熊
[],贴片
[],logo
"['avec', 'patch', 'ourson']",拖
"['en', 'caoutchouc']",橡胶
['Claquettes'],凉
[],泰迪熊
[],贴片
[],logo
"['avec', 'patch', 'ourson']",拖
"['en', 'caoutchouc']",橡胶
['Claquettes'],凉
"['à', 'scratch', 'en', 'cuir']",皮革
[],束带
['Sandales'],凉鞋
"['à', 'scratch', 'en', 'cuir']",皮革
[],束带
['Sandales'],凉鞋
['chrome'],铬
['sans'],无
"['en', 'cuir']",皮革
['Sneakers'],运动鞋
['mélangée'],混合
"['en', 'toile']",帆布
['Sneakers'],运动鞋
['technique'],科技
[],皮革
"['en', 'cuir', 'et', 'tissu']",织物
[],印花
"['à', 'bride']",amp
[],&
[],;
['Sandales'],凉鞋
[],帆布
['Sneakersentoile'],运动鞋
['parfumé'],香味
[],橡胶
"['en', 'caoutchouc']",平底鞋
['Ballerines'],芭蕾
[],巴洛克
[],印花
"['imprimé', 'Baroque']",拖
"['en', 'caoutchouc']",橡胶
['Claquettes'],凉
[],米奇
"['Mickey', 'Mouse']",拖
"['en', 'caoutchouc']",橡胶
['Claquettes'],凉
['ourson'],泰迪熊
"['avec', 'patch']",贴片
"['en', 'cuir']",皮革
[],logo
['Sneakers'],运动鞋
['parfumé'],香氛
[],装饰
"['en', 'caoutchouc']",橡胶
['Sandales'],凉鞋
[],撞色
['color-block'],仿皮
"['à', 'scratch', 'en', 'simili-cuir']",粘扣
['Baskets'],运动鞋
['imprimé'],印花
"['en', 'caoutchouc']",橡胶
[],凉
['Claquettes'],拖
['color-block'],撞色
"['en', 'cuir']",皮革
['Baskets'],运动鞋
[],泰迪熊
[],贴片
[],logo
"['avec', 'patch', 'ourson']",拖
"['en', 'caoutchouc']",橡胶
['Claquettes'],凉
[],泰迪熊
[],贴片
[],logo
"['avec', 'patch', 'ourson']",拖
"['en', 'caoutchouc']",橡胶
['Claquettes'],凉
['léopard'],豹纹
['motif'],装饰
"['à', 'lacets']",系带
['Sneakers'],运动鞋
"['sans', 'chrome']",粘扣
[],铬
"['à', 'scratch', 'en', 'cuir']",皮革
[],无
['Baskets'],运动鞋
[],花朵
"['avec', 'fleurs']",装饰
"['en', 'cuir']",皮革
['Sandales'],凉鞋
['recyclée'],再生
"['en', 'toile']",帆布
['Sneakers'],运动鞋
[],米奇
"['en', 'simili-cuir', 'Mickey']",仿皮
['Sandales'],凉鞋
['parfumé'],香味
[],橡胶
"['en', 'caoutchouc']",平底鞋
['Ballerines'],芭蕾
"['en', 'cuir']",皮革
['Sandales'],凉鞋
"['EN', 'SIMILI', 'CUIR']",仿皮
['SANDALES'],凉鞋
['recyclée'],再生
"['en', 'toile']",帆布
['Baskets'],运动鞋
['recyclée'],脚蹬
[],再生
"['slip-on', 'en', 'toile']",帆布
[],一
['Baskets'],运动鞋
['recyclée'],脚蹬
[],再生
"['slip-on', 'en', 'toile']",帆布
[],一
['Baskets'],运动鞋
[],再生
[],帆布
['Sandalesentoilerecyclée'],凉鞋
['ourson'],泰迪熊
"['avec', 'patch']",贴片
[],logo
['Sandales'],凉鞋
['vulcanisé'],硫化
"['en', 'cuir']",皮革
"['à', 'lacets']",系带
['Baskets'],运动鞋
['imprimé'],印花
"['en', 'caoutchouc']",橡胶
[],凉
['Claquettes'],拖
['imprimé'],印花
"['en', 'caoutchouc']",橡胶
[],凉
['Claquettes'],拖
['vulcanisé'],硫化
"['en', 'cuir']",皮革
"['à', 'lacets']",系带
['Baskets'],运动鞋
[],系带
['Basketsàlacets'],运动鞋
['ourson'],泰迪熊
"['avec', 'patch']",贴片
[],logo
"['en', 'cuir']",皮革
['Sandales'],凉鞋
['Baskets'],运动鞋
['Baskets'],运动鞋
[],泰迪熊
[],细节
"['imprimée', 'détail', 'ourson']",印花
"['en', 'toile']",帆布
['Sandales'],凉鞋
"['en', 'cuir']",皮革
"['à', 'lacets']",系带
['Baskets'],运动鞋
[],橡胶
"['en', 'caoutchouc']",拖
['Claquettes'],凉
[],花朵
"['avec', 'fleurs']",装饰
"['en', 'cuir']",皮革
['Sandales'],凉鞋
[],印花
['imprimé'],交叉
[],皮革
"['en', 'cuir']",拖
['Claquettes'],凉
[],粘扣
['Sneakersàscratch'],运动鞋
"['avec', 'appliqués']",装饰
"['en', 'simili-cuir']",仿皮
['Sandales'],凉鞋
['Goofy'],飞
['parfumé'],香味
"['en', 'caoutchouc']",橡胶
[],高
['Sandales'],凉鞋
[],再生
[],帆布
[],芭蕾
['Ballerinesentoilerecyclée'],平底鞋
[],系带
['Sneakersbassesàlacets'],运动鞋
[],帆布
['Sneakersentoile'],运动鞋
[],扎染
[],棉质
['Sneakersbassesencotontie&amp;dye'],运动鞋
['vulcanisé'],硫化
"['en', 'coton']",棉质
['Sneakers'],运动鞋
"['sans', 'chrome']",粘扣
[],铬
"['à', 'scratch', 'en', 'cuir']",皮革
[],无
['Baskets'],运动鞋
['ourson'],泰迪熊
"['avec', 'patch']",贴片
[],logo
"['en', 'cuir']",皮革
['Sandales'],凉鞋
['embellies'],装饰
['pailletées'],亮粉
['Sandales'],凉鞋
[],豹纹
[],印花
['Sneakersàimpriméléopard'],运动鞋
[],系带
['Sneakersàlacets'],运动鞋
['chrome'],铬
['sans'],无
"['en', 'cuir']",皮革
['Sneakers'],运动鞋
['recyclée'],脚蹬
[],再生
"['slip-on', 'en', 'toile']",帆布
[],一
['Baskets'],运动鞋
[],一
[],脚蹬
['Sneakerssanslacets'],运动鞋
[],系带
['Sneakersàlacets'],运动鞋
[],帆布
['Sneakersentoile'],运动鞋
['recyclée'],再生
"['en', 'toile']",帆布
['Sneakers'],运动鞋
['Sneakers'],运动鞋
[],系带
['Sneakersàlacets'],运动鞋
[],巴洛克
[],印花
"['imprimé', 'Baroque']",拖
"['en', 'caoutchouc']",橡胶
['Claquettes'],凉
[],一
[],脚蹬
['Basketsslip-on'],运动鞋
"['à', 'scratch', 'imprimé']",印花
[],束带
['Sandales'],凉鞋
['parfumé'],香氛
[],装饰
"['en', 'caoutchouc']",橡胶
['Sandales'],凉鞋
['recyclée'],再生
"['en', 'toile']",帆布
['Baskets'],运动鞋
['imprimé'],印花
"['en', 'caoutchouc']",橡胶
[],凉
['Claquettes'],拖
['ourson'],小熊
[],印花
[],仿皮
"['à', 'scratch', 'en', 'simili', 'cuir', 'imprimé']",粘扣
['Sneakers'],运动鞋
[],麂皮
['Sneakersendaim'],运动鞋
['Baskets'],运动鞋
['recyclée'],再生
"['en', 'toile']",帆布
['Sneakers'],运动鞋
['parfumé'],香味
[],橡胶
"['en', 'caoutchouc']",平底鞋
['Ballerines'],芭蕾
[],皮革
['Sneakersencuir'],运动鞋
[],高帮
['Basketsmontantes'],运动鞋
['Sneakers'],运动鞋
[],巴洛克
[],印花
"['imprimé', 'Baroque']",拖
"['en', 'caoutchouc']",橡胶
['Claquettes'],凉
"['à', '', 'embossé']",压纹
[],橡胶
"['en', 'caoutchouc']",拖
['Claquettes'],凉
['vulcanisé'],硫化
"['à', 'scratch', 'en', 'cuir']",皮革
[],粘扣
['Sneakers'],运动鞋
[],麻底
['Espadrilles'],便鞋
[],蝴蝶结
[],装饰
[],波点
"['en', 'simili-cuir', 'à', 'pois', 'avec', 'nœud']",仿皮
['Sandales'],凉鞋
['méduses'],果冻
['Sandales'],凉鞋
['méduses'],果冻
['Sandales'],凉鞋
[],系带
['Basketsàlacets'],运动鞋
[],网眼
['Sneakersendemesh'],运动鞋
['Sneakers'],运动鞋
[],豹纹
[],印花
['léopard'],平底鞋
"['parfumé', 'imprimé']",香氛
"['en', 'caoutchouc']",橡胶
['Ballerines'],芭蕾
[],虹彩
"['EN', 'SIMILI', 'CUIR']",仿皮
['SANDALES'],凉鞋
[],棉质
"['à', 'scratch', 'en', 'toile', 'de', 'coton']",帆布
[],粘扣
['Baskets'],运动鞋
[],系带
['Sneakersàlacets'],运动鞋
[],系带
['Sneakersbassesàlacets'],运动鞋
"['en', 'cuir']",皮革
['Sandales'],凉鞋
['parfumé'],香味
[],橡胶
"['en', 'caoutchouc']",平底鞋
['Ballerines'],芭蕾
['recyclée'],再生
"['en', 'toile']",帆布
['Sandales'],凉鞋
['recyclée'],再生
"['en', 'toile']",帆布
['Sandales'],凉鞋
"['en', 'cuir']",皮革
"['à', 'lacets']",系带
['Baskets'],运动鞋
[],皮革
[],粘扣
['Sneakersàscratchencuir'],运动鞋
[],仿皮
[],&
[],amp
[],;
[],网眼
['Sneakersensimili-cuiretmesh'],运动鞋
[],网眼
[],&
[],amp
[],;
[],皮革
['Sneakersenmeshetcuir'],运动鞋
[],棉质
"['en', 'toile', 'de', 'coton']",帆布
"['à', 'lacets']",系带
['Sneakers'],运动鞋
[],系带
['Sneakersbassesàlacets'],运动鞋
[],仿皮
['Sandalesensimili-cuir'],凉鞋
[],印花
['Basketsimprimées'],运动鞋
['élastiques'],松紧
"['à', 'lacets']",系带
['Baskets'],运动鞋
[],亮粉
"['en', 'simili-cuir', 'pailleté']",仿皮
['Sandales'],凉鞋
[],装饰
['imprimé'],印花
"['en', 'caoutchouc']",橡胶
['Tongs'],人字拖
['recyclée'],再生
"['en', 'toile']",帆布
['Sandales'],凉鞋
['métallisé'],金属色
"['en', 'cuir']",皮革
['Baskets'],运动鞋
[],系带
['Sneakersàlacets'],运动鞋
['monogramme'],Monogram
"['en', 'cuir']",皮革
['Baskets'],运动鞋
['embelli'],装饰
"['en', 'caoutchouc']",橡胶
['Sandales'],凉鞋
['embelli'],装饰
"['en', 'caoutchouc']",橡胶
['Sandales'],凉鞋
['Minnie'],香味
['parfumé'],幻灯片
"['en', 'caoutchouc']",橡胶
[],米妮
['Claquettes'],凉鞋
[],棉质
"['en', 'toile', 'de', 'coton']",帆布
"['à', 'lacets']",系带
['Sneakers'],运动鞋
[],亮粉
"['en', 'simili-cuir', 'pailleté']",仿皮
['Sandales'],凉鞋
[],亮粉
"['en', 'simili-cuir', 'pailleté']",仿皮
['Sandales'],凉鞋
[],亮粉
"['en', 'simili-cuir', 'pailleté']",仿皮
['Sandales'],凉鞋
[],扎染
"['tie', '&amp;', 'dye']",橡胶
"['en', 'caoutchouc', 'imprimé']",印花
['Crocs'],凉鞋
[],香味
[],橡胶
[],芭蕾
['Ballerinesencaoutchoucparfumé'],平底鞋
[],豹纹
[],印花
['Basketsàmotifléopard'],运动鞋
"['en', 'tissu', 'recyclé']",再生
[],织带
['Sandales'],凉鞋
[],高帮
['Basketsmontantes'],运动鞋
[],仿皮
[],系带
['Sneakersàlacetsensimilicuir'],运动鞋
[],花朵
['appliquées'],装饰
"['avec', 'fleurs']",拖
"['en', 'caoutchouc']",橡胶
['Claquettes'],凉
[],铆钉
['clouté'],拖
"['en', 'caoutchouc']",橡胶
['Claquettes'],凉
"['à', 'monogramme']",Monogram
"['en', 'caoutchouc']",橡胶
['Sandales'],凉鞋
[],系带
[],皮革
['Basketsàlacetsencuir'],运动鞋
[],泰迪熊
[],贴片
['ourson'],平底鞋
"['avec', 'patch']",logo
"['en', 'cuir']",皮革
['Ballerines'],芭蕾
['floral'],印花
"['en', 'simili-cuir', 'imprimé']",仿皮
['Sandales'],凉鞋
[],装饰
['parfumé'],香氛
[],橡胶
"['en', 'caoutchouc']",平底鞋
['Ballerines'],芭蕾
[],粘扣
['Sneakersàbride'],运动鞋
"['à', '', 'Maple']",枫叶
"['à', 'bride', 'en', 'cuir']",皮革
['Sneakers'],运动鞋
"['à', 'lacets']",系带
['Baskets'],运动鞋
[],LOGO
"['""JELLY""']",果冻
['SANDALES'],凉鞋
[],LOGO
"['""JELLY""']",果冻
['SANDALES'],凉鞋
[],波点
[],印花
"['en', 'caoutchouc', 'imprimé', 'dalmatien']",凉鞋
['Crocs'],橡胶
[],系带
['Sneakersbassesàlacets'],运动鞋
['Mickey'],米奇
"['en', 'caoutchouc']",橡胶
['Sandales'],凉鞋
"['parfumé', 'Minnie']",香味
"['en', 'caoutchouc']",橡胶
[],米妮
['Sandales'],凉鞋
[],草莓
[],造型
"['en', 'simili-cuir']",仿皮
['Sandales'],凉鞋
['ourson'],泰迪熊
"['avec', 'patch']",贴片
"['en', 'cuir']",皮革
[],logo
['Sneakers'],运动鞋
"['en', 'cuir']",皮革
['Bottes'],靴子
[],果冻
['Sandales'],凉鞋
[],果冻
['Sandales'],凉鞋
['recyclée'],再生
"['en', 'toile']",帆布
['Sneakers'],运动鞋
['Sneakers'],运动鞋
['parfumé'],香氛
[],装饰
"['en', 'caoutchouc']",橡胶
['Sandales'],凉鞋
[],仿皮
[],粘扣
['Basketsàscratchensimili-cuir'],运动鞋
[],花朵
"['avec', 'fleurs']",装饰
"['en', 'cuir']",皮革
['Sneakers'],运动鞋
[],橡胶
"['en', 'caoutchouc']",拖
['Claquettes'],凉
[],泰迪熊
[],贴片
[],logo
"['avec', 'patch', 'ourson']",拖
"['en', 'caoutchouc']",橡胶
['Claquettes'],凉
[],再生
"['à', 'scratch', 'en', 'simili-cuir', 'recyclé']",仿皮
[],束带
['Sandales'],凉鞋
[],泰迪熊
[],贴片
[],logo
"['avec', 'patch', 'ourson']",拖
"['en', 'caoutchouc']",橡胶
['Claquettes'],凉
['ourson'],泰迪熊
"['avec', 'patch']",贴片
[],logo
"['en', 'cuir']",皮革
['Sandales'],凉鞋
['recyclée'],再生
"['en', 'toile']",帆布
['Sneakers'],运动鞋
"['', 'mm']",毫米
[],厚底
"['compensées', 'en', 'toile']",帆布
['Sneakers'],运动鞋
['parfumé'],香味
[],橡胶
"['en', 'caoutchouc']",平底鞋
['Ballerines'],芭蕾
[],皮革
[],粘扣
['Sneakersàscratchencuir'],运动鞋
['imprimé'],印花
"['en', 'caoutchouc']",橡胶
[],凉
['Claquettes'],拖
[],贴片
"['en', 'en', 'textile', 'avec', 'patch']",织物
[],凉
['Claquettes'],拖
['monogramme'],Monogram
"['en', 'caoutchouc']",橡胶
['jelly'],果冻
['Sandales'],凉鞋
[],波点
"['en', 'simili-cuir', 'à', 'pois']",仿皮
['Sandales'],凉鞋
[],帆布
['Sneakersentoile'],运动鞋
[],棉质
"['en', 'toile', 'de', 'coton']",帆布
['Sneakers'],运动鞋
[],装饰
['embelli'],拖
"['en', 'caoutchouc']",橡胶
['Claquettes'],凉
"['en', 'cuir']",皮革
"['à', 'lacets']",系带
['Baskets'],运动鞋
[],系带
['Sneakersàlacets'],运动鞋
"['à', 'lacets']",系带
['basses'],低帮
['Sneakers'],运动鞋
[],仿皮
[],系带
['Sneakersàlacetsensimilicuir'],运动鞋
[],仿皮
[],&
[],amp
[],;
[],网眼
['Sneakersensimili-cuiretmesh'],运动鞋
"['&amp;', 'Bear']",印花
[],玛莎
"['imprimé', 'Masha']",凉鞋
[],熊
"['en', 'caoutchouc']",橡胶
['Crocs'],和
[],皮革
['Sneakersencuir'],运动鞋
[],印花
"['parfumé', 'imprimé']",香味
"['en', 'caoutchouc']",橡胶
['Sandales'],凉鞋
['technique'],科技
[],皮革
"['en', 'cuir', 'et', 'textile']",织物
[],&
[],amp
[],;
['Sandales'],凉鞋
"['tissu', 'éponge']",毛圈布
[],橡胶
"['en', 'caoutchouc', 'et']",拖
[],印花
[],&
[],amp
[],;
['Claquettes'],凉
"['en', 'tissu', 'recyclé']",再生
[],织带
['Sandales'],凉鞋
[],网眼
[],系带
['Basketsàlacetsenmesh'],运动鞋
['Sneakers'],运动鞋
"['avec', 'appliqués']",装饰
"['en', 'simili-cuir']",仿皮
['Sandales'],凉鞋
['vulcanisé'],硫化
"['en', 'coton']",棉质
"['à', 'lacets']",系带
['Sneakers'],运动鞋
[],麂皮
[],&
[],amp
[],;
[],网眼
['Sneakersendaimetmesh'],运动鞋
"['en', 'tissu', 'recyclé']",再生
[],织带
['Sandales'],凉鞋
['color-block'],撞色
"['en', 'caoutchouc']",橡胶
['Sandales'],凉鞋
[],橡胶
[],凉
['Claquettesencaoutchouc'],拖
"['en', 'matière', 'recyclée']",再生
"['à', 'lacets']",系带
['Sneakers'],运动鞋
[],虹
['irisées'],彩色
[],凉
['Claquettes'],拖
[],皮革
['Basketsencuir'],运动鞋
"['avec', 'noeud']",蝴蝶结
[],装饰
['pailletées'],亮粉
['Sandales'],凉鞋
"['à', 'lacets']",系带
['Sneakers'],运动鞋
[],麂皮
['Sneakersendaim'],运动鞋
[],装饰
[],心形
[],印花
"['en', 'cuir']",皮革
"['à', 'lacets']",系带
[],泰迪熊
['Sneakers'],运动鞋
['chrome'],铬
['sans'],无
"['en', 'cuir']",皮革
['Sneakers'],运动鞋
['recyclé'],再生
"['en', 'cuir']",皮革
['Sandales'],凉鞋
[],仿皮
[],系带
['Sneakersàlacetsensimilicuir'],运动鞋
"['en', 'simili-cuir']",仿皮
"['à', 'lacets']",系带
['Sneakers'],运动鞋
[],系带
['Sneakersàlacets'],运动鞋
['pailleté'],亮粉
['parfumé'],香氛
"['en', 'caoutchouc']",橡胶
['Sandales'],凉鞋
['Baskets'],运动鞋
"['en', 'tissu', 'recyclé']",再生
[],织带
['Sandales'],凉鞋
[],经典
"['à', 'carreaux']",格纹
[],一
['slip-on'],脚蹬
['Baskets'],运动鞋
[],皮革
[],粘扣
['Basketsàscratchencuir'],运动鞋
[],鲨鱼
['Shark'],凉鞋
['Baby'],宝宝
['imprimé'],印花
"['en', 'caoutchouc']",橡胶
['Crocs'],沙滩
['imprimé'],印花
"['en', 'caoutchouc']",橡胶
[],凉
['Claquettes'],拖
['parfumé'],香氛
[],装饰
"['en', 'caoutchouc']",橡胶
['Sandales'],凉鞋
[],波点
"['en', 'simili-cuir', 'à', 'pois']",仿皮
['Sandales'],凉鞋
[],亮粉
['BasketsGlittered'],运动鞋
[],虹
['irisées'],彩色
[],凉
['Claquettes'],拖
[],亮粉
"['en', 'simili-cuir', 'pailleté']",仿皮
['Sandales'],凉鞋
[],金属
['MÉTALLISÉ'],质感
['LAMINÉ'],层压
"['EN', 'CUIR']",皮革
['SANDALES'],凉鞋
[],蝴蝶结
[],装饰
"['avec', 'nœud']",格纹
"['en', 'simili-cuir', 'vichy']",仿皮
['Sandales'],凉鞋
[],高帮
['Basketsmontantes'],运动鞋
[],粘扣
['Sneakersàscratch'],运动鞋
"['""SNOOPY""']",史努比
"['EN', 'CAOUTCHOUC']",橡胶
[],压纹
[],沙滩
['CROCS'],凉鞋
"['en', 'tissu', 'recyclé']",再生
[],织带
['Sandales'],凉鞋
[],Classic
[],Marble
[],印花
[],橡胶
['Crocsencaoutchoucimprimémarbré'],凉鞋
"['en', 'matière', 'recyclée']",再生
"['à', 'lacets']",系带
['Sneakers'],运动鞋
['fleurs'],印花
"['en', 'simili-cuir', 'imprimé']",仿皮
['Sandales'],凉鞋
[],仿皮
['Sandalesensimili-cuir'],凉鞋
['parfumé'],香味
[],橡胶
"['en', 'caoutchouc']",平底鞋
['Ballerines'],芭蕾
[],印花
"['en', 'simili-cuir', 'imprimé']",仿皮
['Sandales'],凉鞋
[],皮革
[],粘扣
['Sneakersàscratchencuir'],运动鞋
['Baskets'],运动鞋
[],皮革
[],粘扣
['Basketsàscratchencuir'],运动鞋
['embelli'],装饰
"['en', 'caoutchouc']",橡胶
['Sandales'],凉鞋
[],海洋
['mer'],仿皮
"['en', 'simili-cuir', 'imprimé']",印花
['Sandales'],凉鞋
"['et', 'cuir']",皮革
"['en', 'néoprène']",氯丁橡胶
[],amp
"['à', 'lacets']",系带
[],&
[],;
['Sneakers'],运动鞋
"['et', 'cuir']",皮革
"['en', 'néoprène']",氯丁橡胶
[],amp
"['à', 'lacets']",系带
[],&
[],;
['Sneakers'],运动鞋
[],系带
['Sneakersàlacets'],运动鞋
[],系带
['Sneakersàlacets'],运动鞋
"['EN', 'CUIR']",皮革
"['À', 'LACETS']",系带
['BASKETS'],运动鞋
"['EN', 'CUIR']",皮革
"['À', 'LACETS']",系带
['BASKETS'],运动鞋
"['EN', 'CUIR']",皮革
"['À', 'LACETS']",系带
['BASKETS'],运动鞋
[],针织
"['CHAUSSETTE', 'EN', 'MAILLE']",袜式
['STYLE'],LOGO
['SNEAKERS'],运动鞋
['Sneakers'],运动鞋
[],贴片
"['EN', 'CUIR']",皮革
"['À', 'LACETS']",系带
['SNEAKERS'],运动鞋
[],织带
[],细节
"['EN', 'TOILE', 'DÉTAIL']",帆布
['BASKETS'],运动鞋
"['À', 'LACETS']",系带
"['EN', 'CUIR']",皮革
['SNEAKERS'],运动鞋
"['À', 'LACETS']",系带
"['EN', 'CUIR']",皮革
['SNEAKERS'],运动鞋
[],帆布
[],&
[],amp
[],;
[],皮革
"['SNEAKERSENTOILEETWEB""""']",运动鞋
[],棉质
[],系带
['Sneakersàlacetsencoton'],运动鞋
['mélangé'],混合
[],皮革
"['en', 'maille', 'et', 'cuir']",针织
['montantes'],高帮
[],袜子
['Sneakers'],运动鞋
['mélangé'],混合
[],皮革
"['en', 'maille', 'et', 'cuir']",针织
['montantes'],高帮
[],袜子
['Sneakers'],运动鞋
[],皮革
"['EN', 'CUIR', 'ET', 'NÉOPRÈNE']",氯丁橡胶
['LACETS'],系带
['À'],amp
[],&
[],;
['SNEAKERS'],运动鞋
[],皮革
"['EN', 'CUIR', 'ET', 'NÉOPRÈNE']",氯丁橡胶
['LACETS'],系带
['À'],amp
[],&
[],;
['SNEAKERS'],运动鞋
[],皮革
"['EN', 'CUIR', 'ET', 'NÉOPRÈNE']",氯丁橡胶
['LACETS'],系带
['À'],amp
[],&
[],;
['SNEAKERS'],运动鞋
[],系带
['Basketsàlacets'],运动鞋
[],系带
['Basketsàlacets'],运动鞋
[],系带
['Basketsàlacets'],运动鞋
[],皮革
"['ET', 'CUIR']",amp
"['EN', 'DAIM']",麂皮
[],&
[],;
['BOTTES'],靴子
['recyclée'],再生
"['en', 'maille']",针织
['Sneakers'],运动鞋
"['en', 'maille']",针织
[],泰迪熊
[],贴片
['chaussettes'],袜子
['style'],logo
['Sneakers'],运动鞋
"['en', 'maille']",针织
[],泰迪熊
[],贴片
['chaussettes'],袜子
['style'],logo
['Sneakers'],运动鞋
"['en', 'maille']",针织
[],泰迪熊
[],贴片
['chaussettes'],袜子
['style'],logo
['Sneakers'],运动鞋
['EN'],LOGO
[],脚蹬
['SLIP-ON'],针织
[],一
[],袜子
['SNEAKERS'],运动鞋
[],尼龙
[],橡胶
['caoutchouc'],雪地靴
"['en', 'nylon', 'et']",amp
[],&
['Après-ski'],;
[],尼龙
[],橡胶
['caoutchouc'],雪地靴
"['en', 'nylon', 'et']",amp
[],&
['Après-ski'],;
[],尼龙
[],橡胶
['caoutchouc'],雪地靴
"['en', 'nylon', 'et']",amp
[],&
['Après-ski'],;
"['en', 'cuir']",皮革
"['à', 'lacets']",系带
['Sneakers'],运动鞋
[],棉质
"['en', 'toile', 'de', 'coton']",帆布
"['à', 'lacets']",系带
['Baskets'],运动鞋
"['avec', 'bande']",边带
"['en', 'cuir']",皮革
[],魔术
"['à', 'scratch']",贴
['Sneakers'],运动鞋
"['EN', 'CUIR']",脚蹬
['SLIP-ON'],边带
[],皮革
[],一
['BASKETS'],运动鞋
[],系带
['Basketsàlacets'],运动鞋
[],系带
['Basketsàlacets'],运动鞋
"['EN', 'CUIR']",皮革
"['À', 'LACETS']",系带
['BASKETS'],运动鞋
"['EN', 'CUIR']",皮革
"['À', 'LACETS']",系带
['BASKETS'],运动鞋
['CUIR'],纯皮
"['BOTTES', 'HAUTES', 'EN']",长靴
[],印花
"['slip-on', 'en', 'maille', 'imprimée']",针织
[],一
[],脚蹬
['Baskets'],运动鞋
[],系带
['Sneakersàlacets'],运动鞋
['embelli'],装饰
"['à', 'scratch', 'en', 'cuir']",皮革
[],粘扣
[],开合
['Sneakers'],运动鞋
[],金属
['MÉTALLISÉ'],感
"['EN', 'CUIR']",皮革
"['À', 'LACETS']",系带
['SNEAKERS'],运动鞋
"['en', 'cuir']",皮革
"['à', 'lacets']",系带
['Chaussures'],鞋
[],皮革
[],及踝
['Bottinesencuir'],靴
"['À', 'PAILLETTES']",亮粉
[],Logo
"['EN', 'MAILLE']",针织
[],袜子
['SNEAKERS'],运动鞋
[],皮革
"['en', 'cuir']",麂皮
[],amp
"['à', 'lacets']",系带
[],&
[],;
['Sneakers'],运动鞋
[],皮革
"['en', 'cuir']",麂皮
[],amp
"['à', 'lacets']",系带
[],&
[],;
['Sneakers'],运动鞋
['imprimé'],印花
"['en', 'cuir']",皮革
"['à', 'lacets']",系带
['Baskets'],运动鞋
"['en', 'nylon']",尼龙
"['Bottes', 'de', 'ski']",雪地靴
"['en', 'fausse', 'fourrure']",人造皮草
"['avec', 'pompon']",绒球
"['en', 'cuir']",皮革
['Bottes'],靴子
"['en', 'fausse', 'fourrure']",人造皮草
"['avec', 'pompon']",绒球
"['en', 'cuir']",皮革
['Bottes'],靴子
['mélangé'],混合
"['en', 'cuir']",皮革
"['à', 'lacets']",系带
['Baskets'],运动鞋
['vulcanisé'],硫化
"['en', 'cuir']",皮革
"['à', 'lacets']",系带
['Baskets'],运动鞋
"['en', 'velours']",天鹅绒
['Mocassins'],乐福鞋
"['en', 'velours']",天鹅绒
['Mocassins'],乐福鞋
"['EN', 'CUIR']",皮革
[],拉链
['ZIPPÉES'],开合
['BOTTES'],靴子
[],皮革
['Bottesdeskiencuir'],雪地靴
['léopard'],豹纹
[],印花
"['à', 'lacets', 'à', 'imprimé']",系带
['montantes'],高帮
['Sneakers'],运动鞋
['SLIP-ON'],脚蹬
[],一
['SNEAKERS'],运动鞋
[],周身
[],印花
"['en', 'cuir']",皮革
"['à', 'lacets']",系带
[],泰迪熊
['Sneakers'],运动鞋
[],系带
['Basketsàlacets'],运动鞋
['métallisé'],金属色
"['en', 'cuir']",皮革
[],泰迪熊
"['à', 'scratch']",束带
['Sneakers'],运动鞋
"['avec', 'patch']",贴片
"['en', 'cuir']",皮革
"['à', 'lacets']",系带
['Sneakers'],运动鞋
[],脚蹬
"['à', 'enfiler', 'en', 'maille']",针织
[],一
[],袜子
['Sneakers'],鞋
"['détail', 'web', '', 'mm']",毫米
"['en', 'cuir', 'verni']",漆皮
['Mocassins'],乐福鞋
['fourrure'],人造皮草
"['à', '', 'avec', 'fausse']",细节
"['en', 'nylon']",尼龙
['Après-ski'],雪地靴
[],泰迪熊
[],装饰
"['en', 'cuir', 'verni', 'détail', 'ourson']",漆
['Bottes'],皮靴子
['color-block'],撞色
[],针织
"['chaussettes', 'en', 'maille']",袜子
['Sneakers'],运动鞋
['Sneakers'],运动鞋
[],皮革
"['BOTTES', 'EN', 'CUIR']",短靴
"['en', 'nylon']",尼龙
"['Bottes', 'de', 'ski']",雪地靴
[],反光
"['en', 'nylon', 'réfléchissant']",雪地靴
['Après-ski'],尼龙
[],心形
"['DÉTAIL', 'CŒUR']",束带
"['À', 'SCRATCH', 'EN', 'CUIR']",皮革
['SNEAKERS'],运动鞋
"['à', 'scratch', 'en', 'cuir']",皮革
[],粘扣
['Baskets'],运动鞋
"['à', 'scratch', 'en', 'cuir']",皮革
[],粘扣
['Baskets'],运动鞋
"['EN', 'CUIR']",皮革
"['À', 'LACETS']",系带
['BASKETS'],运动鞋
['jardinage'],园艺
['imprimé'],印花
"['de', 'pluie', 'en', 'caoutchouc']",橡胶
['Bottes'],雨靴
['imprimé'],印花
[],皮革
"['combat', 'en', 'cuir']",军风
['Bottes'],靴
['imprimé'],印花
[],皮革
"['combat', 'en', 'cuir']",军风
['Bottes'],靴
[],束带
"['À', 'SCRATCH', 'EN', 'CUIR']",皮革
[],泰迪熊
['BASKETS'],运动鞋
[],束带
"['À', 'SCRATCH', 'EN', 'CUIR']",皮革
[],泰迪熊
['BASKETS'],运动鞋
"['en', 'cuir']",皮革
['Sneakers'],运动鞋
['imprimé'],印花
"['en', 'simili-cuir']",仿
['Bottes'],皮靴子
[],（
[],系带
['Basketsàlacets('],运动鞋
[],皮革
"['en', 'cuir']",靴
['Bottines'],踝
"['en', 'cuir']",皮革
"['à', 'lacets']",系带
['Baskets'],运动鞋
[],皮革
"['combat', 'en', 'cuir']",军风
['Bottes'],靴
"['en', 'mesh']",网眼
"['à', 'lacets']",系带
['Sneakers'],运动鞋
"['en', 'cuir']",皮革
"['à', 'lacets']",系带
['Baskets'],运动鞋
['CLOUTÉ'],铆钉
"['EN', 'DAIM']",麂皮
[],拉链
['ZIPPÉES'],开合
['BOTTES'],靴子
['verni'],漆皮
"['en', 'simili-cuir']",仿
"['Moon', 'boots']",雪地靴
[],系带
['Sneakersàlacets'],运动鞋
[],系带
['Sneakersàlacets'],运动鞋
"['en', 'nylon']",尼龙
[],印花
"['de', 'neige']",雪地靴
['Bottes'],泰迪熊
"['en', 'simili-cuir']",人造皮草
"['à', 'lacets']",系带
['Bottes'],靴
['Baskets'],运动鞋
"['en', 'coton']",棉质
"['à', 'lacets']",系带
['Sneakers'],运动鞋
[],刺绣
[],贴片
[],泰迪熊
"['en', 'teddu', 'avec', 'patchs', 'brodés']",平底鞋
['Ballerines'],芭蕾
['imprimé'],印花
[],皮革
"['combat', 'en', 'cuir']",军风
['Bottes'],靴
[],橡胶
"['de', 'pluie', 'en', 'caoutchouc']",雨靴
['Bottes'],小猫
[],周身
[],印花
"['en', 'cuir']",皮革
"['à', 'lacets']",系带
[],泰迪熊
['Sneakers'],运动鞋
['Bambi'],斑比
['imprimé'],印花
"['en', 'cuir']",皮革
['Sneakers'],运动鞋
"['en', 'maille']",针织
['Sneakers'],运动鞋
[],层压
"['en', 'cuir', 'laminé']",亮面
['Bottes'],皮靴
[],超轻
['ultra-lger'],拖
"['en', 'caoutchouc']",橡胶
['Claquettes'],凉
[],系带
['Basketsàlacets'],运动鞋
['Baskets'],运动鞋
['Baskets'],运动鞋
[],橡胶
"['de', 'pluie', 'en', 'caoutchouc']",雨靴
['Bottes'],小猫
[],巴洛克
[],印花
"['imprimé', 'baroque']",织物
"['en', 'tissu', 'technique']",科技
['Sneakers'],运动鞋
[],皮革
['Basketsencuir'],运动鞋
['Icon'],Logo
['imprimé'],印花
"['en', 'cuir']",皮革
"['à', 'lacets']",系带
['Baskets'],运动鞋
['imprimé'],印花
"['en', 'simili-cuir']",仿
['Bottes'],皮靴子
[],Free
[],皮革
[],粘扣
['Basketsàscratchencuirsans'],运动鞋
"['à', 'lacets']",系带
['Baskets'],运动鞋
[],仿皮
"['à', 'scratch', 'en', 'simili-cuir']",粘扣
[],“
[],”
['Sneakers'],运动鞋
['imprimé'],印花
"['en', 'nylon']",尼龙
"['Bottes', 'de', 'ski']",雪地靴
[],“
[],”
[],涂层
[],皮革
['Sneakersencuirenduit'],运动鞋
"['EN', 'CUIR']",皮革
[],“
[],”
[],粘扣
['SNEAKERS'],运动鞋
"['en', 'cuir']",皮革
['Bottes'],靴子
['technique'],科技
[],一
"['slip-on', 'en', 'maille']",脚蹬
[],织物
['Sneakers'],运动鞋
"['avec', 'pompons']",心形
[],流苏
[],装饰
"['à', 'motif', 'cœur']",印花
['Bottes'],靴子
['IMPRIMÉ'],印
"['EN', 'NYLON']",尼龙
"['BOTTES', 'DE', 'NEIGE']",雪地靴
[],Free
['Basketssans'],运动鞋
['Baskets'],运动鞋
['Powerpuff'],飞天
['imprimé'],印花
"['en', 'cuir']",皮革
[],小女警
['Sneakers'],运动鞋
[],泰迪熊
"['en', 'cuir', 'avec', 'patch', 'ourson']",贴片
['Bottes'],皮靴
"['en', 'simili-cuir']",仿皮
[],维尼熊
['Baskets'],运动鞋
['embelli'],装饰
"['en', 'shearling']",剪羊毛
['Bottes'],靴子
"['à', 'paillettes']",闪粉
['verni'],漆
"['en', 'simili-cuir']",人造
['Bottes'],皮靴子
[],系带
['Sneakersàlacets'],运动鞋
"['À', 'SCRATCH', 'EN', 'CUIR']",皮革
[],粘扣
['BASKETS'],运动鞋
[],Free
[],皮革
[],系带
['Basketsàlacetsencuirsans'],运动鞋
"['en', 'simili-cuir']",仿皮
['Baskets'],运动鞋
['imprimé'],印花
"['en', 'cuir']",皮革
"['à', 'lacets']",系带
['Baskets'],运动鞋
"['en', 'cuir']",皮革
"['à', 'lacets']",系带
['Baskets'],运动鞋
[],刺绣
"['en', 'teddu', 'avec', 'patchs', 'ourson', 'brodés']",泰迪熊
[],贴片
[],毛绒
['Bottes'],靴子
"['à', 'scratch', 'en', 'cuir']",皮革
[],粘扣
['Baskets'],运动鞋
"['en', 'cuir']",皮革
"['à', 'lacets']",系带
['Sneakers'],运动鞋
[],印花
"['et', 'fausse', 'fourrure', 'imprimée']",人造皮草
"['en', 'cuir']",皮革
['Bottes'],靴子
[],装饰
"['en', 'cuir']",皮革
[],泰迪熊
['Sneakers'],运动鞋
[],“
[],”
[],皮革
[],系带
['Sneakersàlacetsencuir'],运动鞋
['Sneakers'],运动鞋
[],仿皮
['Sneakersensimili-cuir'],运动鞋
['IMPRIMÉ'],印
"['EN', 'NYLON']",尼龙
"['BOTTES', 'DE', 'NEIGE']",雪地靴
[],花朵
[],图案
['Sneakersàimpriméfleurs'],运动鞋
"['EN', 'CUIR']",皮革
"['À', 'LACETS']",系带
['SNEAKERS'],运动鞋
['IMPRIMÉ'],印花
[],尼龙
"['APRÈS', 'SKI', 'EN', 'NYLON']",雪地靴
[],系带
['Basketsàlacets'],运动鞋
['Baskets'],运动鞋
"['À', 'SCRATCH', 'EN', 'CUIR']",皮革
[],粘扣
['BASKETS'],运动鞋
[],系带
['Basketsàlacets'],运动鞋
[],细节
['Mickey'],米奇
"['en', 'fausse', 'fourrure']",人造皮草
['Bottes'],靴子
['Basketsmontantes'],运动鞋
[],装饰
"['avec', 'fourrure']",印花
"['imprimé', 'fleur']",花朵
[],皮草
"['en', 'cuir']",皮革
['Bottes'],靴子
"['en', 'cuir']",皮革
['Bottes'],短靴
[],针织
['Basketsenmaille'],运动鞋
['Sneakers'],运动鞋
[],“
[],”
[],粘扣
"['SNEAKERSÀSCRATCH""""']",运动鞋
"['et', 'mesh']",网眼
"['en', 'cuir']",皮革
[],amp
"['à', 'lacets']",系带
[],&
[],;
['Sneakers'],运动鞋
[],麂皮
['mesh'],网眼
"['en', 'daim', 'et']",amp
[],魔术
"['à', 'scratch']",贴
[],""""
[],""""
[],&
[],;
['Sneakers'],运动鞋
[],心形
[],印花
['Sneakersàimprimécoeur'],运动鞋
[],恐龙
[],印花
[],粘扣
['Sneakersàscratchimprimédinosaure'],运动鞋
[],再生
['RECYCLÉE'],纤维
"['EN', 'MAILLE']",针织
[],“
[],”
['SNEAKERS'],运动鞋
['WEB'],条纹
[],织带
[],细节
"['EN', 'TOILE', 'DÉTAIL']",帆布
['BASKETS'],运动鞋
[],马衔
"['À', 'MORS', 'DE', 'CHEVAL']",帆布
['TOILE'],LOGO
['EN'],穆勒
[],扣
['MULES'],鞋
[],科技
"['en', 'tissu', 'technique']",织物
['Sandales'],凉鞋
[],弹力
"['EN', 'COTON']",棉质
['SNEAKERS'],运动鞋
[],“
[],”
"['SNEAKERS""""']",运动鞋
"['EN', 'MAILLE']",袜式
[],脚蹬
['SLIP-ON'],针织
[],一
['SNEAKERS'],运动鞋
[],“
[],”
[],儿童
"['SNEAKERS""KIDS""']",运动鞋
[],橡胶
['CAOUTCHOUC'],拖
['EN'],印花
[],LOGO
['CLAQUETTES'],凉
[],“
[],”
"['BASKETS""""']",运动鞋
[],“
[],”
"['BASKETS""""']",运动鞋
[],“
[],”
"['SNEAKERS""""']",运动鞋
[],再生
['RECYCLÉE'],纤维
"['EN', 'MAILLE']",针织
[],“
[],”
['SNEAKERS'],运动鞋
[],“
[],”
"['SNEAKERS""""']",运动鞋
[],“
[],”
"['SNEAKERS""""']",运动鞋
[],科技
"['en', 'tissu', 'technique']",织物
['Sandales'],凉鞋
[],“
[],”
[],印花
"['SNEAKERSIMPRIMIMPRIMÉES""""']",运动鞋
[],“
[],”
"['SNEAKERS""""']",运动鞋
[],“
[],”
"['SNEAKERS""""']",运动鞋
"['EN', 'CUIR']",皮革
[],“
[],”
[],粘扣
['SNEAKERS'],运动鞋
"['EN', 'TISSU', 'TECHNIQUE']",科技
[],织物
['SNEAKERS'],运动鞋
[],再生
['RECYCLÉE'],纤维
"['EN', 'MAILLE']",针织
[],“
[],”
['SNEAKERS'],运动鞋
[],系带
"['SLIP-ON', 'À', 'LACETS', 'EN', 'MAILLE']",针织
[],袜式
['SNEAKERS'],运动鞋
[],“
[],”
"['BASKETS""""']",运动鞋
[],粘扣
['Sneakersàscratch'],运动鞋
"['EN', 'SIMILI', 'CUIR']",仿皮
['SANDALES'],凉鞋
"['EN', 'TISSU', 'TECHNIQUE']",科技
[],织物
['SNEAKERS'],运动鞋
[],再生
['RECYCLÉE'],纤维
"['EN', 'MAILLE']",针织
[],“
[],”
['SNEAKERS'],运动鞋
"['À', 'SCRATCH', 'EN', 'CUIR']",皮革
[],粘扣
['BASKETS'],运动鞋
[],巴洛克
"['CUIR', 'IMPRIMÉ', 'BAROQUE']",印花
"['EN', 'SIMILI']",仿皮
['SNEAKERS'],运动鞋
[],“
[],”
"['SNEAKERS""""']",运动鞋
[],“
[],”
[],漆皮
[],系带
"['SNEAKERSVERNIESÀLACETS""""']",运动鞋
[],针织
"['STYLE', 'CHAUSSETTES', 'EN', 'MAILLE']",袜式
['BASKETS'],运动鞋
['AVEC'],周身
['MONTANTES'],高帮
['SNEAKERS'],运动鞋
"['ET', 'PAILLETTES', '""""']",亮粉
[],皮革
[],amp
"['EN', 'CUIR']",靴
[],“
[],”
[],&
[],;
[],及
['BOTTINES'],踝
[],“
[],”
[],印花
"['SNEAKERSIMPRIMÉES""""']",运动鞋
"['EN', 'CUIR']",皮革
"['À', 'LACETS']",系带
[],“
[],”
['SNEAKERS'],运动鞋
[],“
[],”
[],高帮
[],皮革
"['SNEAKERSMONTANTESENCUIR""""']",运动鞋
"['ET', 'MESH']",网眼
['CUIR'],仿皮
"['EN', 'SIMILI']",amp
[],&
[],;
['BASKETS'],运动鞋
"['EN', 'CUIR']",皮革
"['À', 'LACETS']",系带
['BASKETS'],运动鞋
[],蝴蝶
"['À', 'PATCH', 'PAPILLON']",装饰
[],皮革
"['EN', 'CUIR']",便鞋
['ESPADRILLES'],麻底
"['EN', 'CUIR']",皮革
['BASKETS'],运动鞋
[],“
[],”
[],系带
"['SNEAKERSÀLACETS""""']",运动鞋
[],“
[],”
"['BASKETS""""']",运动鞋
[],“
[],”
[],心形
[],细节
"['SNEAKERSDÉTAILCŒUR""""']",运动鞋
[],“
[],”
[],漆皮
[],套
[],穿式
"['BASKETSVERNIESSLIP-ON""""']",运动鞋
[],""""
[],""""
[],皮革
[],魔术
[],贴
['Sneakersàscratchencuir'],运动鞋
[],“
[],”
[],帆布
[],系带
"['SNEAKERSÀLACETSENTOILE""""']",运动鞋
[],“
[],”
[],漆皮
[],系带
"['SNEAKERSVERNIESÀLACETS""""']",运动鞋
[],“
[],”
[],漆皮
[],套
[],穿式
"['BASKETSVERNIESSLIP-ON""""']",运动鞋
[],“
[],SUNNY
[],”
"['BASKETSÀMOTIFSOLEIL""""']",运动鞋
[],LOGO
"['""JELLY""']",果冻
['SANDALES'],凉鞋
[],“
[],”
[],漆皮
[],系带
"['SNEAKERSVERNIESÀLACETS""""']",运动鞋
[],“
[],”
[],印花
"['SNEAKERSÀIMPRIMÉFLEURS""""']",运动鞋
[],“
[],”
[],高帮
"['BASKETSMONTANTES""""']",运动鞋
[],水晶
[],装饰
"['EN', 'NÉOPRÈNE']",氯丁橡胶
['SNEAKERS'],运动鞋
[],水晶
[],装饰
"['EN', 'NÉOPRÈNE']",氯丁橡胶
['SNEAKERS'],运动鞋
[],“
[],”
[],皮革
[],粘扣
"['BASKETSÀSCRATCHENCUIR""""']",运动鞋
[],“
[],&
[],amp
[],;
[],”
[],帆布
"['SNEAKERSENTOILEAVECDÉTAIL""""']",运动鞋
"['""""']",amp
[],编织
"['EN', 'TOILE', 'AVEC', 'DÉTAIL', 'WEB']",帆布
[],&
[],;
['SNEAKERS'],运动鞋
[],针织
['SLIP-ON'],脚蹬
[],一
['SNEAKERS'],运动鞋
[],马衔
"['DE', 'CHEVAL']",扣
"['LISSE', 'AVEC', 'MORS']",光滑
['CUIR'],皮革
['EN'],穆勒
['MULES'],鞋
[],铆钉
['BICOLORE'],两色
"['EN', 'CUIR']",皮革
['BASKETS'],运动鞋
[],针织
"['STYLE', 'CHAUSSETTES', 'EN', 'MAILLE']",袜式
['BASKETS'],运动鞋
[],帆布
['BASKETSENTOILE'],运动鞋
['IMPRIMÉ'],印图
"['EN', 'CAOUTCHOUC']",橡胶
['SANDALES'],凉鞋
