"['HANGING""']",“
"['""']",”
"['LAMPE', 'MURALE']",壁灯
['Lampe'],玻璃灯
[],大号
"['GRAND', 'ABAT-JOUR']",灯罩
[],“
[],”
"['LAMPEDETABLE""""']",台灯
[],“
[],”
"['LAMPE""""']",台灯
"['EN', 'VERRE']",玻璃
"['DE', 'TABLE']",台灯
[],“
['LAMPE'],”
['MOYEN'],中
[],号
['ABAT-JOUR'],灯罩
"['en', 'porcelaine']",陶瓷
['Lampe'],台灯
['rechargeable'],充电
['Lampe'],台灯
['Lampedetable'],台灯
['Lampedetable'],台灯
"['Lampe', 'de', 'table']",台灯
[],“
[],”
['Lampe'],台灯
[],大理石
[],效果
"['SUSPENSION', 'EFFET', 'MARBRE']",吊灯
"['Lampe', 'de', 'table']",台灯
['BROSSÉ'],号
[],中
"['EN', 'ACIER']",钢
['MOYEN'],抛光
[],颜色
['ABAT-JOUR'],灯罩
[],大理石
[],效果
"['SUSPENSION', 'EFFET', 'MARBRE']",吊灯
['Suspension'],吊灯
"['""""']",”
"['DE', 'TABLE']",台灯
['LAMPE'],“
"['""""']",”
"['DE', 'TABLE']",台灯
['LAMPE'],“
[],Copper
[],Melt
[],Surface
['Appliquemuraleàencuivre'],壁灯
"['en', 'cuivre']",红铜
"['Lampe', 'de', 'table']",台灯
['BROSSÉ'],色
[],中
"['EN', 'LAITON']",黄铜
['MOYEN'],抛光
[],号
['ABAT-JOUR'],灯罩
[],Linea
['AppliquemuraleLina'],壁灯
"['""""']",”
"['DE', 'TABLE']",台灯
['LAMPE'],“
[],Lamp
['Lampe'],台灯
"['Lampe', 'de', 'table']",台灯
['table'],台灯
"['Lampe', 'de']",Stone
"['en', 'porcelaine']",陶瓷
['Lampe'],台灯
"['Lampe', 'de', 'table']",台灯
"['Lampe', 'de', 'table']",台灯
"['Lampe', 'de', 'table']",台灯
"['en', 'pierre']",Stone
"['Applique', 'murale']",壁灯
['Lampedetable'],台灯
"['""""']",”
"['DE', 'TABLE']",台灯
['LAMPE'],“
[],Linea
['AppliquemuraleLina'],壁灯
"['Lampe', 'de', 'table']",台灯
"['en', 'porcelaine']",陶瓷
['Lampe'],台灯
['Lampedetable'],台灯
[],Linea
['AppliquemuraleLina'],壁灯
[],中
[],号
[],“
[],”
[],充电
"['LAMPEMOYENNEÀBATTERIE""""']",台灯
['Lampedetable'],台灯
[],LED
['Lamplemuraleenacrylique'],壁灯
[],中
[],号
[],“
[],”
[],充电
"['LAMPEMOYENÀBATTERIE""""']",台灯
[],便携
['Lampe'],台灯
[],迷你
['LampedebureauMini'],台灯
"['Lampe', 'de', 'table']",台灯
"['Lampe', 'de', 'table']",台灯
['moyenne'],吊灯
['Suspension'],中号
"['DE', 'CHEVET']",小号
[],“
[],”
"['PETITE', 'LAMPE']",台灯
[],迷你
['LampedebureauMini'],台灯
"['sans', 'fil']",无线
"['Lampe', 'de', 'table']",台灯
"['Lampe', 'de', 'table']",台灯
"['sans', 'fil']",无线
"['Lampe', 'de', 'table']",台灯
['Appliquemurale'],壁灯
"['à', 'batterie']",电池
"['Lampe', 'de', 'table']",台灯
[],Plane
['LampePlanet'],台灯
"['Lampe', 'de', 'table']",台灯
['Lampedebureau'],台灯
['Lampemurale'],壁灯
[],中号
['Abat-jour'],灯罩
"['""""']",”
"['DE', 'TABLE']",台灯
['LAMPE'],“
[],“
[],”
['Lampe'],台灯
[],“
[],BIG
[],BATTERY
[],”
['Grandelampedetableàbatterie'],台灯
[],“
[],”
"['LAMPEDETABLE""""']",台灯
['Suspension'],吊灯
[],“
[],”
['LAMPE'],台灯
[],Matte
['Lampedetablemate'],台灯
"['à', 'batterie']",电池
"['Lampe', 'de', 'table']",台灯
['Lampledetable'],台灯
"['de', 'table']",台灯
"['Petite', 'lampe']",迷你
"['à', 'batterie']",电池
"['Lampe', 'de', 'table']",台灯
['Lampedetable'],台灯
"['Lampe', 'de', 'table']",台灯
['Suspension'],吊灯
['Lampe'],台灯
"['Lampe', 'de', 'table']",台灯
"['Lampe', 'de', 'table']",台灯
['Lampe'],台灯
[],移动
[],便携式
['Lampeportable'],灯
