"['', '', 'mm']",毫米
"['en', 'satin']",绸缎
['Sandales'],凉鞋
"['', 'mm']",毫米
"['en', 'cuir']",皮革
['Sandales'],凉鞋
"['en', 'satin']",毫米
[],绸缎
[],穆勒
['Mules'],鞋
[],毫米
[],厚底
[],高
[],跟
['Sandalescompenséesenmm'],凉鞋
"['', '', 'mm']",毫米
"['en', 'cuir']",皮革
['Sandales'],凉鞋
[],毫米
"['', 'mm']",仿皮
[],围裹
"['en', 'simili-cuir']",式
['Claquettes'],凉鞋
"['', 'mm']",毫米
[],绸缎
"['à', 'bride', 'en', 'satin']",露
[],跟
['Sandales'],凉鞋
"['', 'mm']",毫米
"['en', 'cuir']",皮革
['Sandales'],凉鞋
[],毫米
"['', '', 'mm']",过膝
['Cuissardes'],靴
"['', 'mm']",毫米
[],Cowboy
"['en', 'simili-cuir']",仿
['Cuissardes'],皮靴子
[],毫米
[],绸缎
"['en', 'satin']",过膝
['Cuissardes'],靴
[],毫米
"['en', 'daim', '', '', 'mm']",过膝
[],麂皮
['Cuissardes'],靴
[],毫米
[],皮革
['Sandalesencuirmm'],凉鞋
[],毫米
[],Bow
[],虹
[],彩色
[],皮革
[],穆勒
['Mulesencuiririséànœudmm'],鞋
"['', '', 'mm']",毫米
['tressé'],编织
[],皮革
"['en', 'cuir']",拖
['Claquettes'],凉
[],毫米
"['détail', 'fleur', '', 'mm']",Flower
"['en', 'cuir']",皮革
['Sandales'],凉鞋
[],毫米
[],金属色
['Sandalesmétalliséesmm'],凉鞋
"['', '', 'mm']",毫米
"['en', 'cuir']",皮革
['Sandales'],凉鞋
"['', '', 'mm']",毫米
"['en', 'cuir']",皮革
['Sandales'],凉鞋
"['en', 'daim']",麂皮
[],毫米
[],装饰
['Sandales'],凉鞋
[],毫米
['Escarpinsenmm'],高跟鞋
[],毫米
[],蝴蝶结
[],amp
"['', 'mm']",高跟鞋
"['avec', 'cristaux']",水晶
"['en', '', 'et', 'cuir']",皮革
[],&
['Escarpins'],;
[],毫米
"['', 'mm']",amp
[],蝴蝶结
['nœud'],高跟鞋
"['à', 'double']",双
"['en', '', 'et', 'cuir']",皮革
[],&
['Escarpins'],;
[],毫米
[],双
"['double', 'nœud', '', 'mm']",蝴蝶结
[],装饰
"['Escarpins', 'embellis']",高跟鞋
['embelli'],装饰
"['en', 'satin']",绸缎
[],毫米
['Sandales'],凉鞋
['embelli'],装饰
"['en', 'satin']",绸缎
[],毫米
['Sandales'],凉鞋
"['', '', 'mm']",毫米
['embellies'],装饰
['Sandales'],凉鞋
['embelli'],装饰
"['en', 'satin']",绸缎
[],毫米
['Sandales'],凉鞋
['Sneakers'],运动鞋
[],毫米
['Sneakersmm'],运动鞋
[],毫米
[],Rhyton
['SneakersRythonmm'],运动鞋
[],毫米
[],amp
"['et', 'daim', '', 'mm']",麂皮
"['en', 'cuir']",皮革
[],&
[],;
['Baskets'],运动鞋
[],毫米
"['métallisé', '', '', 'mm']",金属色
"['en', 'cuir']",皮革
['Escarpins'],高跟鞋
[],毫米
[],双
"['à', 'double', 'nœud', '', 'mm']",蝴蝶结
[],真丝
"['en', 'satin', 'de', 'soie']",绸缎
['Escarpins'],高跟鞋
[],毫米
"['', 'mm']",Sparkle
[],弹力
"['Escarpins', 'stretch', 'brillants']",高跟鞋
"['', '', 'mm']",网眼
"['en', 'mesh']",高跟鞋
['Escarpins'],毫米
"['en', 'daim']",麂皮
[],毫米
['Sandales'],凉鞋
[],毫米
[],罗缎
['Sandalesengros-grainmm'],凉鞋
[],毫米
[],迷彩
['Sandalescamouflagemm'],凉鞋
[],毫米
[],Bow
[],凉
['Claquettesenànœudmm'],拖
"['', '', 'mm']",毫米
['tressé'],编织
[],皮革
"['en', 'cuir']",拖
['Claquettes'],凉
"['', '', 'mm']",毫米
[],皮革
"['en', 'cuir']",拖
['Claquettes'],凉
"['', '', 'mm']",毫米
[],皮革
"['en', 'cuir']",拖
['Claquettes'],凉
"['', '', 'mm']",毫米
['tressé'],编织
[],皮革
"['en', 'cuir']",拖
['Claquettes'],凉
[],毫米
[],鳄鱼
"['embossé', 'crocodile']",压纹
[],皮革
"['en', 'cuir']",鞋
['Mules'],穆勒
[],毫米
"['', '', 'mm']",穆勒
"['en', 'cuir']",皮革
['Sandales'],凉鞋
[],毫米
"['', '', 'mm']",穆勒
"['en', 'cuir']",皮革
['Sandales'],凉鞋
"['', '', 'mm']",毫米
"['en', 'cuir']",皮革
['plates'],平底
['Sandales'],凉鞋
"['', '', 'mm']",毫米
"['en', 'denim']",牛仔
['plates'],平底
['Sandales'],凉鞋
"['', '', 'mm']",毫米
"['en', 'cuir']",皮革
['Sandales'],凉鞋
"['', '', 'mm']",毫米
"['en', 'cuir']",皮革
['Sandales'],凉鞋
"['', '', 'mm']",毫米
"['en', 'cuir']",皮革
['Sandales'],凉鞋
[],装饰
['embelli'],绸缎
"['en', 'satin']",毫米
[],穆勒
['Mules'],鞋
"['en', 'satin']",毫米
[],绸缎
[],穆勒
['Mules'],鞋
[],毫米
"['', '', 'mm']",穆勒
"['en', 'cuir']",皮革
['Sandales'],凉鞋
"['', 'mm']",毫米
"['en', 'cuir']",皮革
['Mocassins'],乐福鞋
"['', '', 'mm']",毫米
"['en', 'cuir']",皮革
['Mocassins'],乐福鞋
"['', '', 'mm']",毫米
"['en', 'cuir']",皮革
['Mocassins'],乐福鞋
[],装饰
"['embelli', '', 'mm']",乐福鞋
"['en', 'cuir']",毫米
['Mocassins'],皮革
"['', '', 'mm']",毫米
['embellies'],装饰
['Sandales'],凉鞋
"['', '', 'mm']",毫米
"['en', 'satin']",绸缎
['Sandales'],凉鞋
[],毫米
[],Bow
[],虹
[],彩色
[],皮革
[],穆勒
['Mulesencuiririséànœudmm'],鞋
[],装饰
['embelli'],绸缎
"['en', 'satin']",毫米
[],穆勒
['Mules'],鞋
[],毫米
[],皮革
['Sneakersencuirmm'],运动鞋
[],毫米
[],仿皮
['Sneakersensimili-cuirmm'],运动鞋
"['', '', 'mm']",毫米
['basses'],低帮
['Sneakers'],运动鞋
[],毫米
"['', '', 'mm']",amp
"['et', 'paillettes']",亮粉
"['en', 'cuir']",皮革
[],&
[],;
['Sneakers'],运动鞋
"['""""', '', 'MM']",毫米
[],绸缎
"['ESCARPINS', 'EN', 'SATIN']",高跟鞋
[],漆皮
"['en', 'cuir', 'verni']",高跟鞋
['Escarpins'],毫米
"['', '', 'mm']",毫米
[],天鹅绒
"['en', 'velours']",鞋
['Mules'],穆勒
[],毫米
['matelassé'],绗缝
[],皮革
"['en', 'cuir']",鞋
['Mules'],穆勒
[],毫米
[],皮革
[],穆勒
['Mulesencuirmm'],鞋
[],装饰
['embelli'],绸缎
"['en', 'satin']",毫米
[],穆勒
['Mules'],鞋
[],毫米
[],绸缎
[],穆勒
['Mulesensatinmm'],鞋
"['', '', 'mm']",毫米
['métallisé'],金属色
[],皮革
"['en', 'cuir']",鞋
['Mules'],穆勒
[],毫米
[],凉
['Claquettesmm'],拖
"['matelassé', '', '', 'mm']",毫米
[],皮革
"['en', 'cuir']",拖
['Claquettes'],凉
"['', '', 'mm']",毫米
"['de', 'coton']",棉质
"['en', 'toile']",麻底
[],帆布
['Espadrilles'],鞋
[],毫米
[],Roman
[],Stud
[],皮革
[],凉
['Claquettesencuircloutémm'],拖
[],毫米
"['', '', 'mm']",amp
[],酒椰
[],纤维
[],皮革
"['en', 'raphia', 'et', 'cuir']",鞋
[],&
[],;
['Mules'],穆勒
[],漆皮
"['en', 'cuir', 'verni']",平底鞋
['Ballerines'],毫米
"['en', 'daim']",毫米
[],装饰
[],麂皮
[],穆勒
['Mules'],鞋
[],毫米
"['en', 'velours', '', '', 'mm']",乐福鞋
['Mocassins'],天鹅绒
[],钩织
[],弹力
"['à', 'lacets', 'en', 'crochet', 'stretch']",系带
['Sandales'],凉鞋
"['', 'mm']",毫米
"['V', 'Logo']",VLogo
"['en', 'cuir', 'verni']",漆皮
['Escarpins'],高跟鞋
"['', '', 'mm']",毫米
[],天鹅绒
"['en', 'velours']",鞋
['Mules'],穆勒
[],毫米
[],帆布
[],露
[],跟
['Escarpinsàbrideentoilemm'],高跟鞋
[],毫米
[],麂皮
[],系带
"['Escarpins', 'à', 'lacets']",高跟鞋
[],漆皮
"['en', 'cuir', 'verni']",高跟鞋
['Escarpins'],毫米
"['', 'mm']",毫米
[],弹力
[],网眼
[],皮革
"['stretch', 'et', 'cuir']",高跟鞋
"['en', 'mesh']",amp
[],&
['Escarpins'],;
[],皮革
"['en', 'cuir']",缠绕
[],束带
['Sandales'],凉鞋
"['', 'mm']",毫米
[],弹力
[],网眼
[],皮革
"['stretch', 'et', 'cuir']",高跟鞋
"['en', 'mesh']",amp
[],&
['Escarpins'],;
[],毫米
[],皮革
[],木屐
['Sabotsencuirmm'],鞋
"['', 'mm']",毫米
[],弹力
[],网眼
[],皮革
"['stretch', 'et', 'cuir']",高跟鞋
"['en', 'mesh']",amp
[],&
['Escarpins'],;
"['', '', 'mm']",毫米
[],皮革
"['en', 'cuir']",鞋
['Mules'],穆勒
"['', '', 'mm']",毫米
['clouté'],铆钉
"['en', 'daim']",麂皮
['Sandales'],凉鞋
[],毫米
[],网格
['Sandalesfishermanmm'],凉鞋
[],毫米
['Sandalesmm'],凉鞋
[],毫米
['embelli'],装饰
[],皮革
"['en', 'cuir']",鞋
['Mules'],穆勒
[],毫米
[],漆皮
[],芭蕾
['Ballerinesencuirvernimm'],平底鞋
[],漆皮
"['en', 'cuir', 'verni']",平底鞋
['Ballerines'],毫米
[],毫米
"['', '', 'mm']",装饰
"['en', 'dentelle', 'embellie']",平底鞋
['Ballerines'],蕾丝
"['', 'mm']",毫米
[],皮革
"['en', 'cuir']",平底鞋
['Ballerines'],芭蕾
"['', '', 'mm']",毫米
[],马衔
"['avec', 'mors', 'de', 'cheval']",扣
[],皮革
"['en', 'cuir']",鞋
[],“
[],”
['Mules'],穆勒
[],毫米
"['', '', 'mm']",穆勒
"['en', 'cuir']",皮革
['Sandales'],凉鞋
[],装饰
['embelli'],绸缎
"['en', 'satin']",毫米
[],穆勒
['Mules'],鞋
[],漆皮
"['en', 'cuir', 'verni']",高跟鞋
['Escarpins'],毫米
"['en', 'satin', '', '', 'mm']",毫米
[],绸缎
[],芭蕾
['Ballerines'],平底鞋
[],毫米
[],帆布
[],厚底
['Compenséesentoilemm'],鞋
"['', '', 'mm']",毫米
['clouté'],铆钉
"['en', 'daim']",麂皮
['Sandales'],凉鞋
[],毫米
[],皮革
['Sandalesencuirmm'],凉鞋
[],毫米
[],网眼
[],皮革
"['et', 'cuir']",高跟鞋
"['en', 'mesh']",amp
[],&
['Escarpins'],;
"['', 'mm']",毫米
"['V', 'Logo']",VLogo
"['en', 'cuir', 'verni']",漆皮
['Escarpins'],高跟鞋
"['', '', 'mm']",毫米
[],帆布
[],露
"['à', 'bride', 'en', 'toile']",跟
['Escarpins'],高跟鞋
['verni'],漆皮
[],毫米
"['en', 'cuir']",鞋
['Mules'],穆勒
[],毫米
['Sandalesmm'],凉鞋
[],毫米
[],帆布
[],厚底
['Compenséesentoilemm'],鞋
"['', '', 'mm']",毫米
"['compensées', 'en', 'caoutchouc']",橡胶
[],厚底
['Sandales'],凉鞋
[],厘米
[],平底
['Sandalesplatescm'],凉鞋
[],漆皮
"['en', 'cuir', 'verni']",高跟鞋
['Escarpins'],毫米
[],毫米
"['python', '', 'mm']",蟒蛇
[],皮
['imprimé'],印花
"['en', 'cuir']",皮革
['Sandales'],凉鞋
[],毫米
"['python', '', 'mm']",蟒蛇
[],皮
['imprimé'],印花
"['en', 'cuir']",皮革
['Sandales'],凉鞋
[],漆皮
['verni'],厚底
"['en', 'cuir']",高跟鞋
"['Escarpins', 'compensés']",毫米
[],毫米
"['en', 'daim', '', 'mm']",Western
[],麂皮
"['Bottes', 'cowboy', 'hautes']",高筒靴
"['', '', 'mm']",毫米
[],皮革
"['en', 'cuir']",靴
['Bottines'],及踝
"['""""', '', 'MM']",毫米
[],麂
"['EN', 'DAIM']",皮靴
[],“
['BOTTES'],”
"['en', 'daim']",毫米
[],麂皮
[],及踝
['Bottines'],靴
"['', 'mm']",毫米
"['compensées', 'en', 'cuir']",皮革
['Bottes'],靴子
"['', '', 'mm']",毫米
"['en', 'cuir']",皮革
[],拉链
['zippées'],开合
['Bottes'],靴子
"['', '', 'mm']",毫米
"['en', 'caoutchouc']",橡胶
[],及踝
['Bottines'],靴
"['en', 'caoutchouc']",橡胶
['Bottes'],靴子
[],毫米
"['', '', 'mm']",套指
"['en', 'cuir']",皮革
['Sandales'],凉鞋
"['', '', 'mm']",毫米
"['en', 'cuir']",皮革
['Sandales'],凉鞋
"['', 'mm']",毫米
['tressé'],仿皮
"['en', 'simili-cuir']",Woven
['Sandales'],凉鞋
[],装饰
['embelli'],绸缎
"['en', 'satin']",毫米
[],穆勒
['Mules'],鞋
[],毫米
"['stretch', '', 'mm']",弹力
[],皮革
"['en', 'cuir']",鞋
['Mules'],穆勒
[],毫米
"['stretch', '', 'mm']",弹力
[],皮革
"['en', 'cuir']",鞋
['Mules'],穆勒
[],皮革
"['en', 'cuir']",缠绕
[],束带
['Sandales'],凉鞋
[],皮革
"['en', 'cuir']",缠绕
[],束带
['Sandales'],凉鞋
[],毫米
[],漆皮
['Escarpinsencuirvernimm'],高跟鞋
[],毫米
[],plexi
[],&
[],amp
[],;
[],麂皮
['Escarpinsendaimetplexiglasmm'],高跟鞋
"['', '', 'mm']",毫米
['tressé'],编织
"['en', 'cuir']",皮革
['Ballerines'],高跟鞋
['nœud'],蝴蝶结
[],双
"['en', '', 'à', 'double']",高跟鞋
['Escarpins'],毫米
[],毫米
[],装饰
[],麂皮
[],穆勒
['Mulesendaimembellimm'],鞋
['nœud'],蝴蝶结
[],双
"['en', '', 'à', 'double']",高跟鞋
['Escarpins'],毫米
[],毫米
['Escarpinsenmm'],高跟鞋
"['', 'MM']",双
[],蝴蝶结
[],amp
"['', 'À', 'DOUBLE', 'NOEUD']",高跟鞋
['ET'],毫米
"['EN', 'CUIR']",皮革
[],&
['ESCARPINS'],;
[],毫米
[],plexi
['Sandalescompenséesenplexiglasmm'],凉鞋
"['', 'mm']",毫米
[],皮革
"['en', 'cuir']",鞋
['Mules'],穆勒
[],毫米
[],Bow
[],虹
[],彩色
[],穆勒
['Muleseniriséànœudmm'],鞋
[],毫米
"['rembourré', '', '', 'mm']",填充
"['en', 'cuir']",皮革
['Sandales'],凉鞋
[],毫米
"['rembourré', '', 'mm']",填充
[],皮革
"['en', 'cuir']",拖
['Claquettes'],凉
[],毫米
"['écologique', '', 'mm']",Eco
"['en', 'shearling']",剪羊毛
"['Chaussures', 'plates']",平底鞋
"['', 'mm']",毫米
['embelli'],装饰
"['en', 'cuir']",皮革
['Sandales'],凉鞋
[],毫米
[],凉
['Claquettes'],拖
"['', '', 'mm']",毫米
[],皮革
"['en', 'cuir']",鞋
['Mules'],穆勒
"['', '', 'mm']",毫米
[],印花
[],穆勒
"['Mules', 'imprimées']",鞋
[],毫米
[],Stitching
[],麂皮
['Mocassinsendaimàcouturesmm'],乐福鞋
"['en', 'daim']",麂皮
[],毫米
"['à', 'lacets']",系带
['Chaussures'],鞋
"['', 'mm']",毫米
[],皮革
"['en', 'cuir']",平底鞋
['Ballerines'],芭蕾
"['', '', 'mm']",毫米
[],皮革
"['en', 'cuir']",平底鞋
['Ballerines'],芭蕾
"['', '', 'mm']",毫米
[],皮革
"['en', 'cuir']",拖
['Claquettes'],凉
"['', '', 'mm']",毫米
[],皮革
"['en', 'cuir']",拖
['Claquettes'],凉
"['', '', 'mm']",毫米
[],皮革
"['en', 'cuir']",拖
['Claquettes'],凉
"['', '', 'mm']",毫米
[],皮革
"['en', 'cuir']",拖
['Claquettes'],凉
[],毫米
"['', 'mm']",仿皮
"['en', 'simili-cuir']",拖
['Claquettes'],凉
[],毫米
[],凉
['Claquettesmm'],拖
[],毫米
[],amp
"['cuir', '', '', 'mm']",皮革
"['en', 'toile', 'et']",帆布
['hautes'],高筒靴
[],&
['Bottes'],;
['hautes'],高筒靴
[],毫米
['Bottes'],麂皮
['hautes'],高筒靴
[],毫米
[],麂皮
[],西部
['Bottes'],风格
"['', '', 'mm']",毫米
"['en', 'cuir']",皮革
"['Bottes', 'hautes']",高筒靴
[],毫米
[],Degrad
[],è
[],尼龙
['Sneakersennylondégradémm'],运动鞋
"['', '', 'mm']",毫米
['transparentes'],透明
['Baskets'],运动鞋
"['web', '', '', 'mm']",毫米
[],织带
['détail'],细节
[],“
[],”
['Sneakers'],运动鞋
[],毫米
[],“
[],”
[],套
[],穿式
['Sneakerssanslacetsmm'],运动鞋
['Sneakers'],运动鞋
['Baskets'],运动鞋
[],毫米
[],皮革
['Basketsencuirmm'],运动鞋
[],毫米
"['en', 'jacquard', '', '', 'mm']",提花
['slip-on'],脚蹬
[],一
['Sneakers'],运动鞋
[],毫米
[],plexi
[],穆勒
['Mulesenplexiglasmm'],鞋
['embelli'],装饰
"['en', 'satin']",绸缎
[],毫米
['Sandales'],凉鞋
"['', '', 'mm']",毫米
['pailleté'],亮粉
"['en', 'plexiglas']",plexi
['Sandales'],凉鞋
[],毫米
['PLEXI'],塑料
[],露
"['À', 'BRIDE', 'EN']",跟
[],“
[],”
['SANDALES'],凉鞋
"['', 'mm']",毫米
['croco'],鳄鱼
['embossé'],压纹
"['en', 'cuir']",皮革
"['Bottes', 'hautes']",高筒靴
"['', 'mm']",毫米
['croco'],鳄鱼
['embossé'],压纹
"['en', 'cuir']",皮革
"['Bottes', 'hautes']",高筒靴
[],毫米
[],麂
['Bottes'],皮靴
"['', 'mm']",毫米
"['en', 'cuir', 'verni']",漆皮
"['Bottes', 'hautes']",高筒靴
"['', '', 'mm']",毫米
[],皮革
"['en', 'cuir']",靴
['Bottines'],及踝
[],毫米
[],漆
['Bottesencuirvernimm'],皮靴子
[],毫米
[],皮革
[],军风
['Bottinescombatencuirmm'],靴
['embelli'],装饰
"['en', 'cuir']",皮革
['chelsea'],切尔西
[],毫米
['Bottes'],靴
[],毫米
[],amp
"['et', 'daim', '', 'mm']",麂皮
"['en', 'cuir']",皮革
[],&
[],;
['Sneakers'],运动鞋
"['', 'mm']",毫米
"['en', 'cuir']",皮革
['Baskets'],运动鞋
[],毫米
[],amp
"['métallisé', '', 'mm']",金属色
[],皮革
"['en', 'cuir', 'et', 'cuir']",皮革
[],&
[],;
['Sneakers'],运动鞋
[],毫米
[],“
[],”
[],皮革
"['SNEAKERSENCUIR""""MM']",运动鞋
"['', '', 'mm']",毫米
[],皮革
"['en', 'cuir']",靴
['Bottines'],及踝
[],帆布
['et'],皮革
[],毫米
[],amp
"['en', 'cuir']",靴
[],&
[],;
['Bottines'],及踝
"['', '', 'mm']",毫米
[],皮革
"['combat', 'en', 'cuir']",军风
['Bottes'],靴
"['', '', 'mm']",毫米
"['en', 'caoutchouc']",橡胶
['chelsea'],切尔西
[],处理
['Bottes'],靴
"['', '', 'mm']",毫米
"['en', '', 'embelli']",装饰
[],穆勒
['Mules'],鞋
"['', '', 'mm']",毫米
"['en', '', 'embelli']",装饰
[],穆勒
['Mules'],鞋
[],毫米
[],双
"['à', 'double', 'nœud', '', 'mm']",蝴蝶结
[],丝缎
"['en', 'satin', 'de', 'soie']",鞋
['Mules'],穆勒
"['', 'mm']",毫米
['nœud'],蝴蝶结
"['en', '', 'à', 'double']",双
[],穆勒
['Mules'],鞋
"['NŒUD', '', 'MM']",蝴蝶结
"['À', 'DOUBLE']",双
[],真丝
[],绸缎
['SOIE'],高跟鞋
"['ESCARPINS', 'EN', 'SATIN', 'DE']",毫米
"['NŒUD', '', 'MM']",蝴蝶结
"['À', 'DOUBLE']",双
[],真丝
[],绸缎
['SOIE'],高跟鞋
"['ESCARPINS', 'EN', 'SATIN', 'DE']",毫米
[],Hangisi
[],绸缎
"['""HANGSI""']",高跟鞋
"['ESCARPINS', 'EN', 'SATIN']",毫米
"['', '65', 'mm']",毫米
[],10
"['en', 'cuir']",皮革
['Escarpins'],高跟鞋
[],毫米
[],“
[],”
[],棉质
[],帆布
['Sneakersentoiledecotonmm'],运动鞋
[],毫米
['Basketsmm'],运动鞋
[],毫米
[],amp
"['en', 'daim', 'et', 'tissu']",布料
[],麂皮
[],&
[],;
['Baskets'],运动鞋
[],""""
[],""""
[],刺绣
[],蜜蜂
[],皮革
['Sneakersencuiravecabeillebrodée'],运动鞋
[],毫米
[],帆布
['Sneakersentoilemm'],运动鞋
"['en', 'cuir']",皮革
['basses'],低帮
['Baskets'],运动鞋
[],毫米
[],amp
"['et', 'daim', '', 'mm']",麂皮
"['en', 'cuir']",皮革
[],&
[],;
['Sneakers'],运动鞋
"['', 'mm']",毫米
"['en', 'cuir']",皮革
['Sneakers'],运动鞋
[],毫米
[],双
"['à', 'double', 'noeud', '', 'mm']",蝴蝶结
"['en', 'satin', 'de', 'soie']",丝缎
['Escarpins'],高跟鞋
"['SATIN', '""""', '', 'MM']",毫米
['EN'],穆勒
[],绸缎
['MULES'],鞋
