['Sacportéépaule'],单肩包
[],“
[],”
[],迷你
['Sacmini'],斜挎包
['Sacbanane'],腰包
[],配
[],肩带
"['Porte-cartes', 'avec', 'lanière']",卡包
[],LOGO
[],帆布
[],迷你
['Sacbandouilièreminientoile'],斜挎包
"['en', 'toile']",帆布
['messenger'],邮差
['Sac'],包
"['en', 'cuir']",皮革
['Porte-cartes'],卡包
"['en', 'cuir']",皮革
[],手机
"['pour', 'téléphone']",包
['Pochette'],编织
[],amp
"['et', 'cuir']",皮革
"['en', 'toile']",帆布
"['porté', 'épaule']",单肩包
[],&
['Sac'],;
[],小号
[],托特
['Petitsaccabas'],包
['imprimé'],印花
"['bandoulière', 'en', 'cuir']",皮革
['Sac'],斜挎包
[],小号
[],皮革
[],新月
"['Petit', 'sac']",包
"['banane', 'brodé']",刺绣
['Sac'],腰包
[],Signature
['cabas'],仿皮
[],托特
['Sac'],包
['technique'],科技
[],织物
"['et', 'matière']",皮革
"['en', 'cuir']",amp
['messenger'],邮差
[],&
[],;
['Sac'],包
[],Tape
"['et', 'lin']",amp
[],中号
"['cabas', 'moyen', 'en', 'coton']",棉
[],&
[],;
[],亚麻
[],托特
['Sac'],包
"['éco', 'à', 'carreaux']",格纹
"['bandoulière', 'en', 'toile']",帆布
[],E
[],-
['Sac'],斜挎包
['Mini'],迷你
"['bandoulière', 'en', 'cuir']",皮革
[],编织
['Sac'],斜挎包
"['banane', 'en', 'cuir']",皮革
[],翻盖
['Sac'],腰包
['lisse'],光滑
[],皮革
"['en', 'cuir']",手拿
['Pochette'],包
['imprimé'],印花
"['banane', 'en', 'nylon']",尼龙
['Sac'],腰包
[],压纹
"['en', 'cuir', 'embossé']",皮革
"['Trousse', 'de', 'toilette']",洗漱包
"['bandoulière', 'en', 'cuir']",皮革
['Sac'],斜挎包
[],尼龙
['Sacbananeennylonà'],腰包
[],涂层
[],帆布
['Sacduffleentoileenduiteà'],行李包
[],印花
"['enduit', 'imprimé', 'paisley']",涂层
[],棉质
"['en', 'coton']",工装
[],佩斯
[],里
['Attaché-case'],包
['rangement'],衣物
[],保护
"['Sac', 'de']",袋
[],小号
[],织带
['ValisecabineWeb'],行李箱
[],Monogram
[],中号
[],托特
['Saccabasmoyenàmonogramme'],包
[],皮革
['toile'],帆布
"['cabas', 'en', 'cuir', 'et']",amp
[],&
[],;
[],托特
['Sac'],包
[],托特
['Saccabas'],包
[],amp
"['et', 'nylon']",尼龙
"['duffle', 'en', 'coton']",棉
[],&
[],;
['Sac'],行李包
"['en', 'cuir']",皮革
"['Sac', 'à', 'dos']",双肩包
['enduit'],涂层
"['et', 'nylon']",尼龙
"['en', 'cuir']",皮革
"['à', 'dos']",双肩包
[],&
[],amp
['Sac'],;
[],尼龙
[],皮革
"['à', 'dos', 'en', 'nylon', 'et', 'cuir']",双肩包
[],&
[],amp
['Sac'],;
"['en', 'nylon']",尼龙
"['Sac', 'à', 'dos']",双肩包
[],鳄鱼
"['embossé', 'croco']",压纹
"['banane', 'en', 'cuir']",皮革
['Sac'],腰包
['imprimé'],印花
['enduit'],涂层
"['bandoulière', 'en', 'coton']",棉质
['Sac'],斜挎包
"['bandoulière', 'en', 'cuir']",皮革
['Sac'],斜挎包
[],皮革
[],邮差
['Sacmessengerencuir'],包
[],Paddy
[],尼龙
['Sacbandoulièreennylonà'],斜挎包
"['en', 'nylon', 'rembourré']",尼龙
[],中
"['bandoulière', 'moyen']",号
[],填充
[],编织
['Sac'],斜挎包
"['plat', 'en', 'toile']",帆布
['Sac'],斜挎包
"['en', 'cuir']",皮革
['Sac'],相机包
"['en', 'cuir']",皮革
['Portefeuille'],钱包
"['à', '', 'brodé']",刺绣
['technique'],科技
"['bandoulière', 'en', 'tissu']",织物
['Sac'],斜挎包
[],刺绣
"['technique', 'à', '', 'brodé']",科技
"['cabas', 'en', 'tissu']",织物
[],托特
['Sac'],包
"['écologique', 'à', 'carreaux']",格纹
"['bandoulière', 'en', 'toile']",帆布
[],E
[],-
['Sac'],斜挎包
"['écologique', 'à', 'carreaux']",格纹
"['en', 'toile']",帆布
"['à', 'dos']",双肩包
[],E
['Sac'],-
"['à', 'anagramme']",Anagram
"['rond', 'à']",圆形
"['Sac', 'à', 'dos']",双肩包
['monogramme'],MONOGRAM
"['en', 'jacquard']",提花
"['Sac', 'à', 'dos']",双肩包
['Sacàdos'],双肩包
"['en', 'nylon']",尼龙
"['Sac', 'à', 'dos']",双肩包
[],绗缝
[],邮差
['Sacmessengermatelassé'],包
[],印花
"['Sac', 'bandoulière', 'à', 'imprimé']",斜挎包
['imprimé'],印花
"['bandoulière', 'en', 'nylon']",尼龙
['Sac'],斜挎包
[],Monogram
[],牛仔
['Saccabasendenimàmonogramme'],洗漱包
[],皮革
"['en', 'cuir']",手拿
['Pochette'],包
[],号
[],皮革
"['en', 'cuir']",包
['zippée'],手拿
[],中
['moyenne'],拉链
[],荔枝
[],纹
['Pochette'],开合
[],粒面
[],皮革
['grainé'],手拿
"['pochette', 'en', 'cuir']",大号
['Grande'],包
"['en', 'cuir']",皮革
"['bandoulière', 'mini']",迷你
['Sac'],斜挎包
"['en', 'cuir']",皮革
"['bandoulière', 'mini']",迷你
['Sac'],斜挎包
[],粒面
"['de', 'toilette', 'en', 'cuir', 'grainé']",化妆包
['Trousse'],皮革
"['bandoulière', 'baguette', 'en', 'cuir']",皮革
['Sac'],斜挎包
"['en', 'toile']",帆布
['messenger'],邮差
['Sac'],包
[],Silver
[],印花
[],尼龙
['Sacbananeennylonimpriméargenté'],腰包
['Intrecciato'],Intreccio
[],皮革
[],手拿
"['en', 'cuir']",包
[],拉链
"['Pochette', 'zippée']",开合
"['en', 'cuir']",皮革
[],邮差
['Sacoche'],包
[],邮差
['Sac'],包
"['en', 'nylon']",尼龙
"['Sac', 'à', 'dos']",双肩包
[],印花
"['enduit', 'imprimé', 'paisley']",涂层
"['en', 'coton']",棉质
[],里
"['à', 'dos']",双肩包
['Sac'],佩斯
['brodé'],刺绣
"['en', 'nylon']",尼龙
"['Sac', 'à', 'dos']",双肩包
[],Signature
['cabas'],仿皮
[],托特
['Sac'],包
"['éco', 'à', 'carreaux']",格纹
"['bandoulière', 'en', 'toile']",帆布
[],E
[],-
['Sac'],斜挎包
"['à', 'monogramme']",棉质
"['en', 'coton', 'enduit']",涂层
['banane'],Monogram
['Sac'],腰包
[],铆钉
[],皮革
"['en', 'cuir', 'clouté']",腰包
"['Petit', 'sac', 'banane']",小号
['rembourré'],蓬松
"['banane', 'en', 'cuir']",皮革
['Sac'],腰包
"['à', 'carreaux']",格纹
[],帆布
"['banane', 'mini', 'en', 'toile']",迷你
['Sac'],腰包
[],迷你
['Sacmini'],斜挎包
[],饰板
[],迷彩
['camouflage'],手拿
['Pochette'],包
"['en', 'cuir', 'à', '']",皮革
['Pochette'],斜挎包
[],Edge
[],皮革
"['en', 'cuir']",手拿
['Pochette'],包
['Sac'],相机包
[],手拿
['Pochette'],包
['Sacbanane'],腰包
[],迷你
[],托特
['Sac'],包
['Sacportéépaule'],单肩包
[],托特
['Saccabas'],包
[],迷你
[],托特
['Saccabasmini'],包
[],科技
"['technique', 'à', 'rayures']",手拿
['tissu'],织物
[],Logo
['et'],amp
[],皮革
"['en', 'cuir']",包
[],&
['Pochette'],;
[],皮革
[],水桶
['Sacseauencuir'],包
[],柔软
"['grainé', 'souple']",粒面
[],皮革
[],手拿
"['en', 'cuir']",包
[],拉链
"['Pochette', 'zippée']",开合
[],刺绣
"['cabas', 'en', 'coton', 'à', '', 'brodé']",棉质
[],托特
['Sac'],包
"['banane', 'en', 'cuir']",皮革
['Sac'],腰包
[],印花
[],涂层
['Greca'],帆布
"['en', 'toile', 'enduite', 'imprimé']",回纹
['banane'],希腊
['Sac'],腰包
['crâne'],骷髅
"['avec', 'bagues']",指环
"['bandoulière', 'en', 'cuir']",皮革
['Sac'],斜挎包
['Medusa'],美杜莎
"['en', 'cuir']",皮革
"['Sac', 'à', 'dos']",双肩包
['rembourré'],蓬松
"['en', 'cuir']",皮革
"['Sac', 'à', 'dos']",双肩包
[],Silver
[],印花
[],尼龙
['Sacàdosennylonimpriméargenté'],双肩包
[],帆布
['Sacportéépauleentoile'],单肩包
"['À', 'CARREAUX']",格纹
"['BANDOULIÈRE', 'EN', 'TOILE']",帆布
[],“
[],”
['SAC'],斜挎包
"['EN', 'CUIR', '""""']",皮革
[],小号
['MESSENGER'],邮差
[],“
[],”
"['PETIT', 'SAC']",包
[],尼龙
['Sacàdosennylonà'],双肩包
[],织带
[],细节
[],帆布
[],手拿
['Pochetteavecweb'],包
[],迷你
[],帆布
['Sacminientoile'],斜挎包
[],印花
['imprimé'],迷你
"['en', 'nylon']",尼龙
['messenger'],邮差
['Sac'],包
[],帆布
[],迷你
['Sacminientoile'],斜挎包
['camouflage'],迷彩
"['bandoulière', 'en', 'toile']",帆布
['Sac'],斜挎包
['Sacportéépaule'],单肩包
"['et', 'cuir']",皮革
"['en', 'toile']",帆布
"['à', 'dos']",双肩包
[],&
[],amp
['Sac'],;
"['en', 'cuir']",相机包
"['Petit', 'sac']",皮革
[],棉质
[],帆布
['duffleentoiledecoton'],行李包
"['bandoulière', 'en', 'cuir']",皮革
['Sac'],斜挎包
[],皮革
[],手拿
['Pochetteencuir'],包
[],“
[],”
"['MATELASSÉ', '""THE']",织物
[],填充
"['BANDOULIÈRE', 'EN', 'TECH']",科技
['SAC'],斜挎包
[],小号
[],皮革
[],托特
['Petitsaccabasencuir'],包
[],尼龙
['Sacbandoulièreennylon'],斜挎包
"['banane', 'en', 'nylon']",尼龙
['Sac'],腰包
"['banane', 'en', 'cuir']",皮革
['Sac'],腰包
['Sac'],腰包
[],尼龙
"['et', 'nylon']",amp
"['en', 'cuir']",皮革
[],&
[],;
['Sac'],相机包
[],印花
[],涂层
"['en', 'coton', 'enduit', 'imprimé', 'paisley']",棉质
['cabas'],佩斯
[],里
[],托特
['Sac'],包
[],皮革
['Sacbandoulièreencuir'],斜挎包
['Medusa'],美杜莎
"['banane', 'en', 'cuir']",皮革
['Sac'],腰包
[],蛇
['serpent'],手拿
[],印花
[],涂层
"['en', 'toile', 'enduite', 'imprimé']",包
['Pochette'],帆布
['Sacbanane'],腰包
"['en', 'nylon']",尼龙
"['Sac', 'à', 'dos']",双肩包
['mélangé'],混棉
"['en', 'coton']",Cut
"['Sac', 'à', 'dos']",双肩包
"['en', 'toile']",帆布
"['Sac', 'à', 'dos']",双肩包
"['à', 'rabat']",翻盖
[],尼龙
[],皮革
"['à', 'dos', 'en', 'nylon', 'et', 'cuir']",双肩包
[],&
[],amp
['Sac'],;
[],迷你
[],手机
['ÉtuipourtéléphoneMini'],包
[],皮革
['Sacbandoulièreencuir'],斜挎包
"['BANDOULIÈRE', 'EN', 'CUIR']",皮革
[],马衔
[],扣
['SAC'],斜挎包
"['cabas', 'en', 'cuir']",皮革
[],托特
['Sac'],包
['camouflage'],迷彩
[],拼接
"['cabas', 'en', 'patchwork', 'de', 'toile']",帆布
[],托特
['Sac'],包
[],帆布
[],托特
['Saccabasentoile'],包
[],印花
[],帆布
[],&
[],amp
[],;
[],皮革
[],托特
['Saccabasencuirettoileimprimé'],包
"['lisse', 'souple']",柔软光滑
[],皮革
"['en', 'cuir']",手拿
['Pochette'],包
[],帆布
['Sacbananeentoile'],腰包
[],帆布
['Sacbananeentoile'],腰包
"['banane', 'en', 'cuir']",皮革
['Sac'],腰包
[],anagram
[],提花
['Sacdesportenjacquard'],行李包
[],中
[],号
"['cabas', 'moyen', 'en', 'cuir']",皮革
[],托特
['Sac'],包
"['pour', '', 'en', 'cuir']",皮革
['Pochette'],保护套
[],菠萝
[],印花
['Sacbananeimpriméananas'],腰包
"['à', 'carreaux']",格纹
"['bandoulière', 'en', 'toile']",帆布
['Sac'],斜挎包
[],康乃馨
[],印花
[],托特
['Saccabasimprimécarnation'],包
[],帆布
['Sacàdosentoile'],双肩包
[],帆布
[],迷你
"['SACMINIENTOILE""""']",包
"['banane', 'en', 'nylon']",尼龙
['Sac'],腰包
"['en', 'nylon']",尼龙
"['Sac', 'à', 'dos']",双肩包
[],条纹
"['à', 'rayures']",手拿
['toile'],帆布
[],Logo
['et'],amp
[],皮革
"['en', 'cuir']",包
[],&
['Pochette'],;
[],皮革
[],托特
['Saccabasencuir'],包
[],皮革
"['et', 'toile', '']",帆布
[],amp
[],手拿
"['zippée', 'en', 'cuir']",包
[],&
['Pochette'],;
[],Large
[],e
[],-
[],帆布
[],手拿
['Grandepochetteentoileécologique'],包
[],尼龙
['Sacutilitaireennylon'],行李包
"['en', 'cuir']",皮革
"['de', 'sport']",经典
['Sac'],行李包
"['en', 'cuir']",皮革
"['de', 'voyage']",旅行包
['Sac'],经典
"['en', 'nylon']",尼龙
['toilette'],化妆包
"['Trousse', 'de']",经典
[],中号
[],托特
['Sac'],包
['cabas'],托特
[],大号
"['Grand', 'sac']",包
[],Shopping
[],洗水
[],牛仔
[],托特
['Totebagendenimdélavé'],包
['technique'],科技
[],织物
"['en', 'cuir', 'et', 'tissu']",皮革
['banane'],amp
[],&
[],;
['Sac'],腰包
[],皮革
[],旅行
[],手拿
"['en', 'cuir']",包
[],拉链
"['Pochette', 'zippée']",开合
['Sacderangement'],洗漱包
[],皮革
[],amp
"['bandoulière', 'en', 'nylon', 'et', 'cuir']",尼龙
[],&
[],;
['Sac'],斜挎包
['Sacbanane'],腰包
['Sac'],腰包
[],小号
"['sac', 'porté', 'épaule', 'en', 'cuir']",皮革
['Petit'],单肩包
"['bandoulière', 'mini']",迷你
['Sac'],斜挎包
"['bandoulière', 'mini']",迷你
['Sac'],斜挎包
[],涂层
[],帆布
['Sacentoileenduite'],化妆包
[],帆布
['Sacentoile'],相机包
"['cabas', 'en', 'cuir']",皮革
[],托特
['Sac'],包
"['cabas', 'en', 'cuir']",皮革
[],托特
['Sac'],包
"['en', 'nylon']",尼龙
['cabas'],饰板
[],托特
['Sac'],包
[],皮革
"['en', 'cuir']",包
"['Tote', 'bag']",托特
"['bandoulière', 'en', 'cuir']",皮革
['Sac'],斜挎包
[],柔软
"['bandoulière', 'en', 'simili-cuir', 'souple']",仿皮
['Sac'],斜挎包
[],皮革
[],&
[],amp
[],;
[],科技
[],织物
['Sacbananeencuirettissutechnique'],腰包
['Sac'],腰包
"['en', 'cuir']",皮革
[],小号
"['Petit', 'sac', 'bandoulière']",斜挎包
['Greca'],amp
[],回纹
[],尼龙
[],皮革
"['à', 'dos', 'en', 'nylon', 'et', 'cuir']",双肩包
[],希腊
[],&
['Sac'],;
[],再生
"['à', 'dos', 'en', 'nylon', 'recyclé']",双肩包
['Sac'],尼龙
[],升
['SacàdosL'],双肩包
[],帆布
['Sacbananeentoile'],腰包
[],迷你
[],帆布
[],邮差
['Sacmessengerminientoile'],包
[],帆布
['Troussedetoiletteentoile'],洗漱包
[],迷你
['Sacbandoulièremini'],斜挎包
[],帆布
[],邮差
['Sacmessengerentoile'],包
"['', 'imprimé']",印花
"['en', 'toile']",帆布
"['Sac', 'à', 'dos']",双肩包
[],格纹
"['à', 'carreaux']",帆布
"['cabas', 'en', 'toile', 'écologique']",e
[],-
[],托特
['Sac'],包
[],皮革
"['en', 'cuir']",包
"['Tote', 'bag']",托特
[],妈咪
[],包
[],尿布
[],更换
['Sacàlangermatelas'],垫
[],粒面
['grainé'],皮革
"['en', 'cuir']",贴片
['Attaché-case'],公文包
['grainé'],粒面
"['en', 'cuir']",皮革
['Sac'],公文包
[],托特
['Saccabas'],包
[],大号
[],托特
['Grandsaccabas'],包
"['bandoulière', 'plat', 'en', 'cuir']",皮革
['Sac'],斜挎包
"['à', 'carreaux']",格纹
"['banane', 'en', 'coton', 'mélangé']",混棉
['Sac'],腰包
"['SACPORTÉÉPAULE""""']",单肩包
['technique'],科技
"['en', 'matière']",织物
['Sac'],斜挎包
"['messenger', 'détail', 'GG']",G
[],互扣
['Sac'],公文包
[],Bees
[],涂层
[],帆布
['Sacentoileenduite'],斜挎包
[],皮革
[],&
[],amp
[],;
[],科技
[],织物
[],托特
['Totebagencuirettissutech'],包
[],Pouch
[],邮差
['SacmessengerPochette'],包
"['en', 'toile']",帆布
"['bandoulière', 'mini']",迷你
['Sac'],斜挎包
[],“
[],”
[],皮革
"['SACENCUIR""""']",斜挎包
[],帆布
[],邮差
['Sacmessengerentoile'],包
[],“
"['""""']",”
"['BANDOULIÈRE', 'EN', 'CUIR']",皮革
[],大号
"['GRAND', 'SAC']",斜挎包
[],托特
['Sac'],包
"['en', 'cuir']",皮革
['cabas'],托特
[],大号
"['Grand', 'sac']",包
[],铆钉
"['cabas', 'en', 'cuir', 'clouté']",皮革
[],托特
['Sac'],包
['Army'],军风
"['en', 'nylon']",尼龙
"['Sac', 'à', 'dos']",双肩包
['monogramme'],Monogram
['enduite'],涂层
"['en', 'toile']",帆布
"['Sac', 'à', 'dos']",双肩包
"['""""']",手拿
[],压纹
['ESTAMPÉ'],包
"['POCHETTE', 'EN', 'CUIR']",皮革
"['en', 'cuir']",皮革
"['Trousse', 'de', 'toilette']",洗漱包
[],“
[],”
"['SACÀDOS""""']",双肩包
['DÉTAIL'],细节
"['EN', 'NYLON']",尼龙
"['SAC', 'À', 'DOS']",双肩包
"['bandoulière', 'en', 'nylon']",尼龙
[],“
[],”
['Sac'],斜挎包
"['duffle', 'en', 'cuir']",皮革
['Sac'],行李包
"['BANANE', 'EN', 'NYLON']",尼龙
['SAC'],腰包
[],“
[],”
[],邮差
['Sacmessengerentoileenduite'],包
"['cabas', 'en', 'cuir']",皮革
[],购物
['Sac'],包
[],“
[],”
"['SACDUFFLE""""']",行李包
"['', '', 'L']",经典
"['à', 'dos']",双肩包
['Sac'],升
[],“
[],”
"['MATELASSÉ', '""THE']",织物
[],填充
"['BANDOULIÈRE', 'EN', 'TECH']",科技
['SAC'],斜挎包
[],小号
"['sac', 'porté', 'épaule', 'en', 'cuir']",皮革
['Petit'],单肩包
[],小号
"['sac', 'porté', 'épaule', 'en', 'cuir']",皮革
['Petit'],单肩包
[],小号
"['sac', 'porté', 'épaule', 'en', 'cuir']",皮革
['Petit'],单肩包
[],皮革
['Sacbandoulièreencuir'],斜挎包
"['bandoulière', 'en', 'cuir']",皮革
['Sac'],斜挎包
"['à', 'dos', 'en', 'nylon']",尼龙
['Sac'],双肩包
"['en', 'cuir']",皮革
[],邮差
['Sacoche'],包
[],Elephant
"['en', 'cuir', 'en', 'forme']",皮革
[],大号
"['Grand', 'sac']",斜挎包
[],Elephant
"['en', 'cuir', 'en', 'forme']",皮革
[],大号
"['Grand', 'sac']",斜挎包
"['écologique', 'à', 'carreaux']",格纹
"['en', 'toile']",帆布
"['à', 'dos']",双肩包
[],E
['Sac'],-
"['banane', 'en', 'cuir']",皮革
['Sac'],腰包
[],涂层
['Sacàdosentoileenduite'],双肩包
[],“
[],OPHIDIA
[],”
[],中
[],号
['SacdufflemoyenOphidia'],旅行包
[],皮革
"['en', 'cuir']",跨
"['bandoulière', 'mini']",迷你
[],斜
['Sac'],相机包
"['zippée', 'en', 'cuir']",皮革
"['Trousse', 'de', 'toilette']",洗漱包
"['EN', 'CUIR']",皮革
"[""D'ÉPAULE""]",单肩包
['SAC'],压纹
"['bandoulière', 'en', 'cuir']",皮革
['Sac'],斜挎包
"['en', 'cuir']",皮革
['Sac'],公文包
"['en', 'nylon']",尼龙
"['Sac', 'à', 'dos']",双肩包
"['en', 'nylon']",尼龙
"['Sac', 'à', 'dos']",双肩包
[],填充
"['en', 'cuir']",皮革
['Sac'],相机包
[],格纹
"['de', 'coton', 'mélangé']",混棉
"['en', 'toile']",帆布
"['Sac', 'à', 'dos']",双肩包
['Sacduffle'],行李包
[],印花
"['enduit', 'imprimé', 'paisley']",涂层
"['en', 'coton']",棉质
[],里
"['à', 'dos']",双肩包
['Sac'],佩斯
[],粒面
[],皮革
"['en', 'cuir', 'grainé']",军风
['messenger'],邮差
['Sac'],包
[],小号
[],“
[],OPHIDIA
[],”
[],邮差
['PetitsacmessengerOphidia'],包
[],樱桃
[],印花
['cerises'],迷你
"['Petit', 'sac', 'à', 'imprimé']",斜挎包
[],随身
['Sac'],旅行包
['monogramme'],Monogram
"['banane', 'à', 'imprimé']",印花
['Sac'],腰包
"['BANANE', 'BIKER', 'EN', 'CUIR']",皮革
['SAC'],腰包
[],Tape
"['et', 'lin']",amp
[],中号
"['cabas', 'moyen', 'en', 'coton']",棉
[],&
[],;
[],亚麻
[],托特
['Sac'],包
"['en', 'cuir']",皮革
"['Sac', 'de', 'voyage']",旅行包
['rembourré'],填充
[],尼龙
[],皮革
"['à', 'dos', 'en', 'nylon', 'et', 'cuir']",双肩包
[],&
[],amp
['Sac'],;
"['en', 'nylon']",尼龙
"['Sac', 'à', 'dos']",双肩包
"['banane', 'en', 'nylon']",尼龙
['Sac'],腰包
['souple'],柔软
"['bandoulière', 'en', 'cuir']",皮革
['Sac'],斜挎包
[],迷你
"['banane', 'mini', 'en', 'cuir']",皮革
['Sac'],腰包
"['en', 'nylon']",尼龙
['messenger'],邮差
['Sac'],包
"['en', 'cuir']",皮革
"['Sac', 'à', 'dos']",双肩包
"['BAG', 'EN']",托特
[],小号
[],印花
[],棉质
[],牛仔
"['PETIT', 'TOTE']",包
"['avec', 'patch']",贴片
[],皮革
"['en', 'cuir']",手拿
['Pochette'],包
"['en', 'cuir']",皮革
['Sac'],斜挎包
['technique'],科技
"['bandoulière', 'en', 'tissu']",织物
[],对比色
[],内里
['Sac'],斜挎包
[],帆布
[],托特
['Saccabasentoile'],包
"['en', 'cuir']",皮革
['biker'],机车
"['Sac', 'à', 'dos']",双肩包
[],格纹
"['à', 'carreaux']",手拿
['écologique'],E
"['en', 'toile']",帆布
[],-
['Pochette'],包
[],日落
['feuille'],枫叶
['imprimé'],印花
"['en', 'toile']",帆布
"['Sac', 'à', 'dos']",双肩包
"['cabas', 'en', 'cuir']",皮革
[],托特
['Sac'],包
"['en', 'simili-cuir']",仿皮
['Sac'],公文包
['Sacduffle'],行李包
"['en', 'cuir']",皮革
['messenger'],邮差
['Sac'],包
[],粒面
['grainé'],皮革
"['et', 'cuir']",amp
"['banane', 'en', 'nylon']",尼龙
[],&
[],;
['Sac'],腰包
['embossé'],压纹
"['duffle', 'en', 'cuir']",皮革
['Sac'],行李包
[],涂层
"['enduite', 'monogramme']",帆布
"['cabas', 'en', 'toile']",Monogram
[],托特
['Sac'],包
[],Silver
[],印花
[],尼龙
['Sacbandoulièreennylonimpriméargenté'],斜挎包
[],印花
['Sacbandoulièreimprimé'],斜挎包
['embossé'],压纹
"['en', 'cuir']",皮革
"['Sac', 'à', 'dos']",双肩包
[],涂层
[],帆布
[],邮差
['Sacmessengerentoileenduite'],包
[],印花
"['coton', 'imprimé']",棉质
['de'],小号
"['en', 'denim']",牛仔
['bag'],包
"['Petit', 'tote']",托特
['Greca'],amp
[],希腊
['nylon'],尼龙
['et'],皮革
"['en', 'cuir']",回纹
"['de', 'poitrine']",胸
[],&
[],;
['Sac'],挂包
['Sac'],腰包
['imprimé'],印花
"['en', 'nylon']",尼龙
"['Sac', 'à', 'dos']",双肩包
[],刺绣
[],尼龙
['Sacàdosennylonàbrodé'],双肩包
"['à', 'rayures']",条纹
"['bandoulière', 'en', 'cuir']",皮革
[],Logo
['Sac'],斜挎包
"['avec', 'cordons']",抽绳
"['Sac', 'à', 'dos']",双肩包
"['AVEC', 'BOUCLE']",搭扣
"['EN', 'NYLON']",尼龙
"['À', 'DOS']",双肩包
[],“
['SAC'],”
[],帆布
[],托特
['Saccabasentoile'],包
['imprimé'],印花
"['bandoulière', 'en', 'nylon']",尼龙
['Sac'],斜挎包
[],印花
[],科技
[],织物
[],托特
['Saccabasentissutechniqueimprimé'],包
[],Glam
[],斜
[],跨
['Petitsacbandoulière'],相机包
[],周身
"['duffle', 'en', 'nylon']",尼龙
['Sac'],行李包
['embossé'],压纹
[],皮革
[],旅行
"['en', 'cuir']",手拿
['Pochette'],包
[],Fuor
[],ista
"['BOUCLE', '""FUORIPISTA""']",搭扣
"['', 'AVEC']",ip
"['BANANE', 'EN', 'NYLON']",尼龙
['SAC'],腰包
['imprimé'],印花
"['duffle', 'en', 'nylon']",尼龙
['Sac'],行李包
[],皮革
['cuir'],尼龙
"['en', 'nylon', 'et']",amp
"['de', 'toilette']",洗漱包
[],&
['Trousse'],;
[],印花
['imprimé'],手拿
"['en', 'nylon']",尼龙
['Pochette'],包
['Baroque'],巴洛克
['imprimé'],印花
"['en', 'nylon']",尼龙
"['Sac', 'à', 'dos']",双肩包
"['EN', 'CUIR']",皮革
"['SAC', 'À', 'DOS']",双肩包
[],邮差
['Sacmessenger'],包
[],印花
[],仿皮
[],托特
['Saccabasensimili-cuirimprimé'],包
"['banane', 'en', 'cuir']",皮革
['Sac'],腰包
[],迷你
['Sacmini'],斜挎包
[],尼龙
"['et', 'nylon']",amp
"['en', 'cuir']",皮革
[],&
[],;
['Sac'],相机包
['imprimé'],印花
"['bandoulière', 'en', 'nylon']",尼龙
['Sac'],斜挎包
[],印花
[],涂层
"['enduit', 'imprimé', 'paisley']",手拿
[],佩斯
"['en', 'coton']",棉质
[],里
['Pochette'],包
['Sacbandoulière'],斜挎包
[],棉
[],尼龙
['nylon'],包
"['en', 'coton', 'et']",amp
[],&
[],;
['Porte-téléphone'],手机
[],印花
[],涂层
['imprimé'],棉质
"['en', 'coton', 'enduit']",包
"['Porte-', 'téléphone']",手机
['embossé'],压纹
"['bandoulière', 'en', 'cuir']",皮革
['Sac'],斜挎包
"['à', 'dos']",双肩包
['Sac'],升
['feuille'],印花
['imprimé'],枫叶
[],日落
"['de', 'toilette', 'en', 'toile']",洗漱包
['Troisse'],帆布
['Sac'],相机包
[],帆布
[],&
[],amp
[],;
[],皮革
[],手拿
['Pochetteencuirettoile'],包
"['en', 'nylon']",尼龙
['messenger'],邮差
['Sac'],包
"['avec', 'boucle']",搭扣
[],迷你
"['mini', 'en', 'cuir']",皮革
['Pochette'],小包
[],印花
[],棉质
[],帆布
[],托特
['Sacentoiledecotonimprimé'],包
['brodé'],刺绣
"['banane', 'en', 'nylon']",尼龙
['Sac'],腰包
[],小号
['Petitetroussedetoilette'],洗漱包
[],科技
[],织物
[],邮差
['Sacbesaceentissutechnique'],包
[],迷你
['Sacbananemini'],腰包
[],sc
[],超
[],迷你
['Sacbananemicros'],腰包
[],粒面
[],皮革
"['en', 'cuir', 'grainé']",军风
['messenger'],邮差
['Sac'],包
[],迷你
['Sacmini'],斜挎包
[],皮革
['Sacbandoulièreencuir'],斜挎包
"['en', 'cuir']",皮革
['bandoulière'],大号
"['Grand', 'sac']",斜挎包
"['en', 'cuir']",皮革
['Attaché-case'],公文包
[],对比色
[],边缘
"['avec', 'bords', 'contrastants']",手拿
"['en', 'cuir']",皮革
['Pochette'],包
"['à', 'dos']",双肩包
['Sac'],升
"['en', 'cuir']",皮革
[],荔枝
[],纹
['homard'],龙虾
"['Sac', 'à', 'dos']",双肩包
"['messenger', 'brodé']",刺绣
[],邮差
['Sac'],包
[],大格纹
"['écologique', 'à', 'carreaux']",帆布
"['weekend', 'en', 'toile']",E
[],-
['Sac'],行李包
"['cabas', 'slim', 'en', 'cuir']",皮革
[],托特
['Sac'],包
[],Maxi
[],皮革
[],托特
['Grandsacencuir'],包
"['bandoulière', 'en', 'denim']",牛仔
['Sac'],斜挎包
[],印花
[],科技
"['banane', 'en', 'tissu', 'technique', 'imprimé']",织物
['Sac'],腰包
"['en', 'nylon']",尼龙
"['Sac', 'à', 'dos']",双肩包
[],迷你
"['banane', 'mini', 'en', 'cuir']",皮革
['Sac'],腰包
['tissé'],编织
[],皮革
"['en', 'cuir']",手拿
['Pochette'],包
['Military'],军风
"['en', 'cuir']",皮革
"['Sac', 'à', 'dos']",双肩包
"['mini', 'en', 'cuir']",皮革
[],迷你
[],编织
['Sac'],斜挎包
"['à', 'dos']",双肩包
['Sac'],升
['écologique'],大格纹
[],E
"['en', 'toile']",帆布
['Attachécase'],公文包
[],格纹
[],E
"['en', 'toile']",帆布
['Attachécase'],公文包
"['en', 'cuir']",皮革
['Sac'],斜挎包
"['de', 'nylon']",尼龙
"['bandoulière', 'en', 'toile']",帆布
[],贴片
['Sac'],斜挎包
"['cabas', 'en', 'cuir', 'souple']",软皮
[],托特
['Sac'],包
"['bandoulière', 'en', 'cuir']",皮革
['Sac'],斜挎包
[],型
[],搭扣
"['avec', 'boucle']",尼龙
"['oversize', 'en', 'nylon']",大廓
"['Sac', 'à', 'dos']",双肩包
"['écologique', 'à', 'carreaux']",大格纹
"['bandoulière', 'en', 'toile']",帆布
[],E
[],-
['Sac'],斜挎包
[],小号
"['sac', 'à', 'dos', 'en', 'cuir']",皮革
['Petit'],双肩包
"['cabas', 'brodé']",刺绣
[],托特
['Sac'],包
"['avec', '', 'en', 'métal']",金属
"['bandoulière', 'en', 'nylon']",尼龙
['Sac'],斜挎包
"['écologique', 'à', 'carreaux']",格纹
"['bandoulière', 'en', 'toile']",帆布
[],E
[],-
[],斜
['Sac'],跨包
[],搭扣
"['à', 'dos', 'en', 'nylon', 'avec', 'boucle']",双肩包
['Sac'],尼龙
[],皮革
['Sacencuirà'],斜挎包
[],尼龙
['Sacàdosennylon'],双肩包
[],升
[],Courier
['SacL'],斜挎包
"['', '15L']",15
[],升
['Attaché-case'],公文包
['Baroque'],巴洛克
['imprimé'],印花
"['banane', 'en', 'nylon']",尼龙
['Sac'],腰包
['imprimé'],印花
"['cabas', 'en', 'nylon']",尼龙
[],托特
['Sac'],包
[],金属
"['à', 'dos', 'en', 'nylon', 'avec', '', 'en', 'métal']",双肩包
['Sac'],尼龙
[],仿皮
[],手拿
['Pochetteensimili-cuir'],包
['Baroque'],巴洛克
['imprimé'],印花
"['bandoulière', 'en', 'nylon']",尼龙
['Sac'],斜挎包
[],尼龙
['Sacbananeennylon'],腰包
[],尼龙
['Sacbandoulièreennylon'],斜挎包
[],贴片
[],尼龙
"['banane', 'en', 'toile', 'de', 'nylon']",帆布
['Sac'],腰包
['imprimé'],印花
[],科技
['technique'],织物
"['en', 'tissu']",手拿
['Pochette'],包
[],印花
['imprimé'],织物
"['en', 'tissu', 'tech']",科技
[],中
"['bandoulière', 'moyen']",号
['Sac'],斜挎包
[],尼龙
['Sacbandoulièreennylon'],斜挎包
[],金属
"['banane', 'en', 'nylon', 'à', '', 'en', 'métal']",尼龙
['Sac'],腰包
"['en', 'cuir']",皮革
['Sac'],相机包
['monogramme'],Monogram
"['bandoulière', 'en', 'cuir']",皮革
['Sac'],斜挎包
[],20
"['', '20L']",升
"['Sac', 'à', 'dos']",双肩包
[],仿皮
['Sacbananeensimili-cuir'],腰包
[],仿皮
['Sacbandoulièreensimili-cuir'],斜挎包
['cabas'],牛仔
[],破洞
[],托特
['Sac'],包
['Sacduffle'],行李包
"['de', 'coton']",尼龙
"['en', 'toile']",帆布
"['à', 'dos']",双肩包
['Sac'],贴片
"['bandoulière', 'en', 'jacquard']",提花
['Sac'],斜挎包
[],贴片
[],尼龙
"['avec', 'patch']",手拿
"['en', 'toile', 'de', 'nylon']",包
['Pochette'],帆布
[],仿皮
['Sacensimili-cuir'],相机包
['grainé'],粒面
[],皮革
"['pour', 'tablette', 'en', 'cuir']",手拿
['Pochette'],包
['main'],手工
"['en', 'crochet', 'fait']",钩织
['bandoulière'],制作
[],蘑菇
[],图案
['Sac'],斜挎包
[],印花
[],科技
"['en', 'tissu', 'technique', 'imprimé']",织物
['banane'],小号
['Sac'],腰包
[],织物
['Sacbananeentoileenduite'],腰包
[],工业
['industriel'],风
"['en', 'nylon']",尼龙
['Sac'],相机包
[],“
[],”
[],迷你
['Sacbandoulièremini'],斜挎包
[],装饰
"['de', 'nylon']",尼龙
"['en', 'toile']",帆布
"['à', 'dos']",双肩包
['Sac'],箭头
[],装饰
"['de', 'nylon']",尼龙
"['en', 'toile']",帆布
"['à', 'dos']",双肩包
['Sac'],箭头
['Sacbananeentoileenduite'],腰包
[],Logo
[],格纹
[],帆布
[],邮差
['Sacmessengerentoileàcarreaux'],包
[],装饰
"['de', 'nylon']",尼龙
"['en', 'toile']",帆布
"['à', 'dos']",双肩包
['Sac'],箭头
[],皮革
"['en', 'cuir']",包
['bag'],托特
['Tote'],斜杠
[],大号
[],皮革
[],新月
['Grandsachoboencuir'],包
"['à', 'monogramme']",Monogram
[],涂层
"['duffle', 'en', 'toile', 'enduite']",帆布
['Sac'],行李包
"['bandoulière', 'en', 'cuir']",皮革
['Sac'],斜挎包
"['de', 'nylon']",尼龙
"['bandoulière', 'en', 'toile']",帆布
[],箭头
[],装饰
['Sac'],斜挎包
[],经典
"['en', 'nylon']",尼龙
"['Sac', 'à', 'dos']",双肩包
[],经典
"['en', 'nylon']",尼龙
"['Sac', 'à', 'dos']",双肩包
[],Padded
['Sacbandoulièreentissurembourré'],斜挎包
[],升
[],科技
[],织物
['SacàdosentissutechniqueL'],双肩包
[],修身
[],LOGO
['Attaché-casefinentoileenduite'],公文包
"['de', 'nylon']",尼龙
"['en', 'toile']",帆布
['Valise'],行李箱
"['en', 'nylon']",尼龙
"['Sac', 'à', 'dos']",双肩包
[],压纹
[],皮革
['débossé'],手拿
"['en', 'cuir']",包
['zippée'],中号
[],粒面
"['Pochette', 'moyenne']",拉链
[],升
[],小号
[],健身
['PetitsacdesportL'],包
[],科技
[],织物
[],amp
"['en', 'cuir', 'et', 'tissu', 'tech']",皮革
"['bandoulière', 'mini']",迷你
[],&
[],;
[],邮差
['Sac'],包
['banane'],尼龙
[],箭头
[],装饰
[],帆布
['Sac'],腰包
[],帆布
[],邮差
['Sacmessengerentoile'],包
[],涂层
['SACÀDOSENDUIT'],双肩包
[],印花
[],帆布
[],&
[],amp
[],;
[],皮革
[],托特
['Saccabasencuirettoileimprimé'],包
"['avec', 'plaque']",饰板
['tech'],科技
"['bandoulière', 'en', 'tissu']",织物
['Sac'],斜挎包
"['EN', 'CUIR', 'AVEC']",洗漱包
[],皮革
[],拉链
"['VANITY', 'ZIPPÉ']",开合
[],小号
[],托特
['Petitsaccabas'],包
"['', 'moyen', 'en', 'cuir']",皮革
[],中号
[],托特
['Sac'],包
['technique'],科技
[],翻卷
"['en', 'tissu']",织物
"['à', 'dos']",双肩包
[],升
['Sac'],包盖
[],升
[],科技
[],织物
['SacàdosentissutechniqueL'],双肩包
"['en', 'cuir']",皮革
"['à', 'dos']",双肩包
[],“
['Sac'],”
['imprimé'],印花
"['en', 'coton']",棉质
['bag'],托特
['Tote'],包
['rembourré'],蓬松
"['banane', 'en', 'cuir']",皮革
['Sac'],腰包
[],皮革
[],手拿
"['en', 'cuir']",包
"['Pochette', 'zippée']",拉链
"['en', 'cuir']",皮革
['Attaché-case'],公文包
[],帆布
[],&
[],amp
[],;
[],织带
['Troussedetoiletteentoileenduite'],洗漱包
"['plat', 'en', 'cuir']",皮革
[],小号
"['Petit', 'sac', 'bandoulière']",斜挎包
"['en', 'cuir']",皮革
"['bandoulière', 'mini']",迷你
['Sac'],斜挎包
['IMPRIMÉ'],印图
"['BANANE', 'EN', 'CUIR']",皮革
['SAC'],腰包
[],皮革
"['TROUSSE', 'DE', 'TOILETTE', 'EN', 'CUIR']",洗漱包
['rembourré'],蓬松
"['en', 'cuir']",皮革
"['Sac', 'à', 'dos']",双肩包
[],科技
"['avec', 'plaque']",皮革
['tech'],amp
[],饰板
"['banane', 'en', 'cuir', 'et', 'tissu']",织物
[],&
[],;
['Sac'],腰包
"['avec', 'plaque']",饰板
"['bandoulière', 'camouflage']",迷彩
['Sac'],斜挎包
"['bandoulière', 'avec', '', 'en', 'métal']",金属
['Sac'],斜挎包
"['de', 'mini']",迷你
"['en', 'forme']",造型
[],双肩包
"['Sac', 'porté', 'épaule']",单肩包
"['banane', 'en', 'cuir']",皮革
['Sac'],腰包
"['à', '', 'tigre']",老虎
"['en', 'cuir']",皮革
"['Trousse', 'de', 'toilette']",洗漱包
[],升
"['recyclé', '', '', 'L']",再生
['technique'],科技
"['en', 'tissu']",织物
"['Sac', 'à', 'dos']",双肩包
"['recyclé', 'Army']",军风
"['en', 'nylon']",尼龙
['messenger'],邮差
['Sac'],包
[],Wings
[],印花
[],尼龙
['Sacàdosennylonimpriméailes'],双肩包
['recyclé'],再生
['technique'],科技
"['en', 'tissu']",织物
"['Sac', 'à', 'dos']",双肩包
[],印花
"['à', 'imprimé']",托特
[],中号
"['Tote', 'bag', 'moyen']",包
['rembourré'],迷你
[],填充
"['banane', 'mini', 'en', 'nylon']",尼龙
['Sac'],腰包
[],织物
"['cuir', 'à']",皮革
"['en', 'tissu', 'technique']",科技
"['à', 'dos']",双肩包
[],&
[],amp
['Sac'],;
"['banane', 'en', 'nylon']",尼龙
['Sac'],腰包
"['avec', 'patchs']",贴片
"['en', 'toile']",帆布
['Pochette'],斜挎包
['messenger'],邮差
[],印花
['Sac'],包
['messenger'],邮差
[],印花
['Sac'],包
[],再生
[],科技
[],织物
['Sacàdosentissutechniquerecyclé'],双肩包
[],佩斯利
"['IMPRIMÉ', 'PAISLEY']",印图
['MÉLANGÉ'],涂层
"['DUFFLE', 'EN', 'COTON']",棉质
['SAC'],行李包
"['en', 'nylon']",尼龙
"['porté', 'épaule']",单肩包
['Sac'],饰板
[],佩斯利
"['IMPRIMÉ', 'PAISLEY']",印图
['MÉLANGÉ'],涂层
"['DUFFLE', 'EN', 'COTON']",棉质
['SAC'],行李包
[],鳄鱼
[],压纹
[],皮革
"['en', 'cuir', 'embossé', 'crocodile']",iPad
['Porte-cartes'],包
"['avec', 'lanière']",手拿
[],皮革
"['en', 'cuir']",包
"['Petite', 'pochette']",小号
[],尼龙
[],皮革
"['à', 'dos', 'en', 'nylon', 'et', 'cuir']",双肩包
[],Monogram
[],&
[],amp
['Sac'],;
"['EN', 'NYLON']",尼龙
"['SAC', 'À', 'DOS']",双肩包
"['avec', 'patchs']",双肩包
"['à', 'dos', 'en', 'nylon']",贴片
['Sac'],尼龙
[],backpack
['Sacàdos'],双肩包
['recyclé'],再生
"['en', 'polyamide']",聚酰胺
['bag'],托特
['Tote'],包
"['avec', 'patch']",棉质
"['de', 'coton']",贴片
"['en', 'denim']",牛仔
['bag'],托特
['Tote'],包
[],小号
"['sac', 'à', 'dos', 'en', 'toile']",帆布
['Petit'],双肩包
"['cabas', 'en', 'cuir']",皮革
[],托特
['Sac'],包
"['bandoulière', 'en', 'cuir']",皮革
['Sac'],斜挎包
[],帆布
['Sacàdosentoile'],双肩包
['imprimé'],印花
"['bandoulière', 'en', 'nylon']",尼龙
['Sac'],斜挎包
[],帆布
[],&
[],amp
[],;
[],皮革
['Pochetteentoileetcuir'],斜挎包
"['EN', 'NYLON']",尼龙
"['À', 'DOS']",双肩包
[],“
[],”
['SAC'],LOGO
['Sacàdos'],双肩包
[],印花
"['de', 'coton', 'imprimé']",棉质
"['en', 'toile']",帆布
"['Sac', 'à', 'dos']",双肩包
"['bandoulière', 'plat', 'en', 'cuir']",皮革
['Sac'],斜挎包
['texturé'],粒面
"['bandoulière', 'en', 'cuir']",皮革
['Sac'],斜挎包
[],皮革
"['en', 'cuir']",手拿
['Pochette'],包
['Sac'],腰包
[],印花
[],乙烯基
[],托特
['Saccabasenvinyle'],包
[],亚麻
"['de', 'lin', 'mélangé']",混纺
"['en', 'toile']",帆布
['bag'],托特
['Tote'],包
"['en', 'nylon']",尼龙
"['Sac', 'à', 'dos']",双肩包
[],斜
['Sac'],跨包
['Sacàdos'],双肩包
['CROCODILE'],鳄鱼纹
[],压纹
['ESTAMPÉ'],双肩包
"['SAC', 'À', 'DOS', 'EN', 'CUIR']",皮革
"['en', 'cuir']",皮革
['Sac'],旅行包
['imprimé'],印花
"['en', 'coton']",棉质
['bag'],托特
['Tote'],包
"['en', 'denim', 'de', 'coton']",贴片
[],棉质
['cabas'],牛仔
[],托特
['Sac'],包
"['bandoulière', 'en', 'cuir']",皮革
['Sac'],斜挎包
['technique'],科技
"['en', 'tissu']",织物
"['Sac', 'à', 'dos']",双肩包
"['en', 'nylon']",尼龙
"['Sac', 'à', 'dos']",双肩包
['Sac'],斜挎包
[],印花
"['coton', 'imprimé']",棉质
['de'],小号
"['en', 'denim']",牛仔
['bag'],包
"['Petit', 'tote']",托特
[],5AC
"['bandoulière', 'en', 'cuir']",皮革
['Sac'],相机包
[],印花
['imprimée'],包
"['en', 'toile']",帆布
"['Étui', 'pour', 'téléphone']",手机
[],斑马
['zébré'],纹
['imprimé'],印花
[],小号
[],再生
"['en', 'nylon', 'recyclé']",尼龙
['bag'],包
"['Petit', 'tote']",托特
[],条纹
[],皮革
"['à', 'rayures']",手拿
[],号
"['en', 'cuir']",包
[],中
"['Pochette', 'moyenne']",粒面
"['en', 'nylon']",尼龙
['moyen'],中号
"['Sac', 'à', 'dos']",双肩包
[],科技
"['en', 'tissu']",织物
['mini'],迷你
"['Sac', 'à', 'dos']",双肩包
[],科技
"['en', 'tissu']",织物
['mini'],迷你
"['Sac', 'à', 'dos']",双肩包
[],皮革
"['en', 'cuir']",包
"['Tote', 'bag']",托特
[],棉质
"['en', 'toile', 'de', 'coton']",帆布
[],笑脸
['cabas'],印花
[],托特
['Sac'],包
[],手拿
['Pochette'],包
['Medusa'],美杜莎
"['bandoulière', 'en', 'cuir']",皮革
['Sac'],斜挎包
[],大廓
"['banane', 'oversize']",型
['Sac'],腰包
[],Slim
[],皮革
['Attaché-case-finencuir'],公文包
[],科技
[],织物
['Sacbananeentissutechniqueà'],腰包
"['en', 'nylon']",尼龙
"['Sac', 'à', 'dos']",双肩包
[],科技
[],织物
['Sacàdosentissutechniqueà'],双肩包
[],“
[],”
[],双色
[],皮革
[],手拿
"['POCHETTEENCUIRBICOLORE""""']",包
[],“
[],”
[],双色
[],皮革
[],手拿
"['POCHETTEENCUIRBICOLORE""""']",包
[],“
[],”
[],双色
[],皮革
[],手拿
"['POCHETTEENCUIRBICOLORE""""']",包
[],“
[],”
[],双色
[],皮革
[],手拿
"['POCHETTEENCUIRBICOLORE""""']",包
[],斑马
['zébré'],纹
[],印花
['imprimé'],尼龙
[],中
[],号
"['cabas', 'moyen', 'en', 'nylon', 'recyclé']",再生
[],托特
['Sac'],包
"['', 'Sailor']",水手
[],印花
[],小号
"['Petit', 'sac', 'à', 'dos', 'imprimé']",双肩包
['imprimé'],印花
"['bandoulière', 'en', 'cuir']",皮革
['Sac'],斜挎包
"['banane', 'en', 'nylon']",尼龙
['Sac'],腰包
[],棉质
[],帆布
['Sacentoiledecoton'],腰包
[],拉链
['ZIP'],开合
[],粒面
[],皮革
['AVEC'],手拿
"['EN', 'CUIR', 'MARTELÉ']",包
"['POCHETTE', 'MOYENNE']",中号
"['bandoulière', 'en', 'cuir']",皮革
['Sac'],斜挎包
[],Monogram
[],amp
"['et', 'cuir']",皮革
"['banane', 'en', 'nylon']",尼龙
[],&
[],;
['Sac'],腰包
"['', '', 'L']",升
"['tube', 'imperméable']",防水
['Sac'],背包
"['', '', 'L']",升
"['tube', 'imperméable']",防水
['Sac'],背包
"['', '', 'L']",升
"['tube', 'imperméable']",防水
['Sac'],背包
[],亚麻
[],&
[],amp
[],;
[],棉质
[],帆布
[],托特
['Totebagentoiledecotonetlin'],包
[],手拿
['Pochetteentoileenduite'],包
[],科技
[],织物
[],胸
['Sacdepoitrineentissutechà'],挂包
['imprimé'],印花
['technique'],科技
"['cabas', 'en', 'tissu']",织物
[],托特
['Sac'],包
[],印花
"['mini', 'rembourré', 'imprimé']",迷你
['Sac'],斜挎包
[],尼龙
['Sacàdosennylon'],双肩包
"['de', 'nylon']",尼龙
"['en', 'toile']",帆布
[],小号
[],箭头
['bandoulière'],斜挎包
"['Petit', 'sac']",装饰
[],单肩
"['en', 'cuir']",皮革
"['de', 'poitrine']",胸
['Sac'],挂包
"['en', 'simili-cuir']",仿皮
"['Sac', 'porté', 'épaule']",单肩包
[],尼龙
[],提花
"['en', 'nylon', 'jacquard']",平板
"['Pochette', 'pour', 'tablette']",电脑包
"['Trousse', 'de', 'toilette']",化妆包
"['en', '', 'imprimé']",印花
['Pochette'],小包
[],升
['SacàdosL'],双肩包
[],皮革
[],手拿
"['en', 'cuir']",包
"['Pochette', 'zippée']",拉链
['imprimé'],印花
"['en', 'nylon']",尼龙
"['Trousse', 'de', 'toilette']",洗漱包
[],印花
[],棉质
"['banane', 'en', 'toile', 'de', 'coton', 'imprimé']",帆布
['Sac'],腰包
[],印花
[],科技
[],织物
['Sacàdosentissutechniqueimprimé'],双肩包
[],印花
"['technique', 'imprimé']",科技
"['duffle', 'en', 'tissu']",织物
['Sac'],行李包
['lcon'],ICON
['imprimé'],印花
['technique'],科技
"['en', 'tissu']",织物
"['Sac', 'à', 'dos']",双肩包
['Sacbanane'],腰包
"['en', 'cuir']",皮革
"['tête', 'de', 'tigre']",虎头
['Pochette'],小袋
['éclairs'],闪电
[],印花
[],尼龙
['imprimé'],皮革
"['banane', 'en', 'nylon', 'et', 'cuir']",amp
[],&
[],;
['Sac'],腰包
['imprimé'],印花
['technique'],科技
"['en', 'tissu']",织物
"['Sac', 'à', 'dos']",双肩包
"['CASQUETTE', 'EN']",超
['BANDOULIÈRE'],CAP
[],迷你
[],“
[],”
[],皮革
['SAC'],斜挎包
[],印花
[],棉质
[],托特
['Totebagencotonimprimé'],包
"['en', 'coton']",棉质
['bag'],托特
['Tote'],包
['up'],迷彩
[],棉质
"['camouflage', 'pin']",包
"['en', 'coton', 'imprimé']",印花
"['Tote', 'bag']",托特
['up'],迷彩
[],棉质
"['camouflage', 'pin']",包
"['en', 'coton', 'imprimé']",印花
"['Tote', 'bag']",托特
[],托特
['Totebag'],包
"['en', 'nylon']",尼龙
"['Sac', 'à', 'dos']",双肩包
[],升
['SacàdosL'],双肩包
['imprimé'],印花
['tech'],科技
"['en', 'tissu']",织物
"['Trousse', 'de', 'toilette']",洗漱包
['Icon'],Logo
['imprimé'],印花
['tech'],科技
"['en', 'tissu']",织物
"['Trousse', 'de', 'toilette']",洗漱包
['recyclé'],再生
"['bandoulière', 'en', 'nylon']",尼龙
['Sac'],斜挎包
['Baroque'],巴洛克
['imprimé'],印花
"['banane', 'en', 'nylon']",尼龙
['Sac'],腰包
[],升
['SacduffleL'],行李包
"['à', '', 'embossé']",压纹
"['Sac', 'à', 'dos']",双肩包
[],实用
"['utilitaire', 'en', 'ripstop']",抗撕裂
['Attaché-case'],斜挎包
['technique'],科技
"['en', 'tissu']",织物
"['', 'à', 'cordons']",抽绳
"['Sac', 'à', 'dos']",双肩包
"['de', 'coton']",棉质
"['en', 'toile']",帆布
[],升
['bag'],托特
['Tote'],包
[],“
[],”
[],皮革
"['SACÀDOSENCUIR""""']",双肩包
[],“
[],”
[],皮革
"['SACÀDOSENCUIR""""']",双肩包
"['en', 'cuir']",皮革
['cabas'],托特
[],大号
"['Grand', 'sac']",包
"['en', 'cuir']",皮革
['Sac'],斜挎包
[],压纹
"['BANANE', 'EN', 'CUIR', 'MOTIF', '', 'ESTAMPÉ']",皮革
['SAC'],腰包
[],升
[],“
[],”
[],健身
"['SACDESPORT""""L']",包
[],小号
[],科技
[],织物
"['e', 'ntissu', 'technique']",斜挎包
"['Petit', 'sac']",编织
"['en', 'caoutchouc']",橡胶
"['à', 'dos']",双肩包
['Sac'],Buffer
['ESTAMPÉ'],压纹
[],皮革
"['SERVIETTE', 'EN', 'CUIR']",公文包
[],涂层
[],“
[],”
"['SACENDUIT""FLIGHT""']",斜挎包
[],皮革
[],托特
['Saccabasencuir'],包
[],升
[],“
[],”
[],健身
"['SACDESPORT""""L']",包
"['BANANE', 'EN', 'CUIR']",皮革
['SAC'],腰包
"['BANANE', 'EN', 'CUIR']",皮革
['SAC'],腰包
['Sac'],行李包
[],棉质
"['cabas', 'en', 'toile', 'de', 'coton']",帆布
[],托特
['Sac'],包
['À'],双面
"['CABAS', 'RÉVERSIBLE', 'EN', 'CUIR']",皮革
[],托特
['SAC'],包
"['bandoulière', 'en', 'cuir']",皮革
['Sac'],斜挎包
[],粒面
['GRAINÉ'],公文包
"['SACOCHE', 'EN', 'CUIR']",皮革
[],“
[],”
"['SACÀDOS""""']",双肩包
['Sac'],腰包
"['en', 'cuir']",皮革
['banane'],Amp
['Sac'],腰包
[],军风
"['BANANE', 'EN', 'NYLON']",尼龙
[],大号
"['GRAND', 'SAC']",腰包
"['duffle', 'en', 'cuir']",皮革
['Sac'],行李包
[],铆钉
['clouté'],手拿
"['en', 'cuir']",皮革
['Pochette'],包
['clouté'],铆钉
"['bandoulière', 'en', 'cuir']",皮革
['Sac'],斜挎包
[],抽绳
[],钩
[],扣
['CROCHET'],手拿
"['AVEC', 'CORDONS', 'ET']",包
"['POCHETTE', 'EN', 'CUIR']",皮革
[],抽绳
[],钩
[],扣
['CROCHET'],手拿
"['AVEC', 'CORDONS', 'ET']",包
"['POCHETTE', 'EN', 'CUIR']",皮革
[],Intreccato
[],中号
[],皮革
[],拉链
[],手拿
['PochettezippéemoyenneencuirIntrecciato'],包
[],双
"['Sac', 'bandoulière', 'double']",斜挎包
"['bandoulière', 'en', 'cuir']",皮革
['Sac'],斜挎包
[],Mult
['Sacàdos'],双肩包
[],压纹
['ESTAMPÉ'],双肩包
"['SAC', 'À', 'DOS', 'EN', 'CUIR']",皮革
[],monogram
[],手拿
['monogramme'],包
['enduite'],涂层
"['en', 'toile']",帆布
"['Petite', 'pochette']",小号
"['EN', 'NYLON']",尼龙
"['SAC', 'À', 'DOS']",双肩包
['rembourré'],加厚
"['en', 'nylon']",尼龙
"['Sac', 'à', 'dos']",双肩包
['croco'],鳄鱼
['embossé'],压纹
"['en', 'cuir']",皮革
"['Trousse', 'à', 'maquillage']",洗漱包
[],豹纹
"['imprimé', 'camouflage', 'léopard']",印花
"['en', 'nylon']",尼龙
"['Sac', 'à', 'dos']",双肩包
"['DÉTAIL', 'MEDUSA']",美杜莎
[],尼龙
['CUIR'],皮革
['ET'],amp
"['CEINTURE', 'EN', 'NYLON']",装饰
[],&
[],;
['SAC'],腰包
"['en', 'cuir']",皮革
"['bandoulière', 'mini']",迷你
['Sac'],斜挎包
[],皮革
"['en', 'cuir']",手拿
['Pochette'],包
[],眼镜盒
"['à', 'lunettes']",皮革
"['banane', 'en', 'cuir', 'avec', 'boîtier']",配
['Sac'],腰包
"['cabas', 'en', 'cuir']",皮革
[],托特
['Sac'],包
[],“
[],”
"['""""']",包
"['AVEC', 'LANIÈRE']",手拿
"['EN', 'CUIR']",皮革
"['PETITE', 'POCHETTE']",小号
[],皮革
[],细节
"['EN', 'CUIR']",尼龙
"['BANANE', 'EN', 'NYLON', 'DÉTAILS']",LOGO
['SAC'],腰包
"['bandoulière', 'imprimé']",印花
['Sac'],斜挎包
"['bandoulière', 'imprimé']",印花
['Sac'],斜挎包
[],反光
['réfléchissantes'],条纹
"['à', '3', 'bandes']",三
"['Sac', 'à', 'dos']",双肩包
[],&
"['""MEDUSA""']",洗漱包
['CUIR'],皮革
"['EN', 'NYLON', 'ET']",尼龙
[],美杜莎
['TOILETTE'],amp
['DE'],细节
['TROUSSE'],;
"['avec', 'détails']",细节
[],再生
"['à', 'dos', 'en', 'nylon', 'recyclé']",双肩包
['Sac'],尼龙
[],托特
['Saccabasà'],包
['Army'],军风
"['en', 'nylon']",尼龙
"['Sac', 'à', 'dos']",双肩包
[],中
[],号
[],“
[],INTRECCATO
[],”
[],皮革
[],拉链
[],手拿
"['POCHETTEMOYENNEZIPPÉEENCUIR""INTRECCIATO""']",包
[],“
[],”
[],大号
[],购物
"['GRANDSACENPAPIER""""']",包
[],帆布
['Sacàdosentoile'],双肩包
['monogramme'],Monogram
['enduite'],涂层
"['bandoulière', 'en', 'toile']",帆布
['Sac'],斜挎包
"['en', 'nylon']",尼龙
['Sac'],公文包
"['en', 'forme', 'de', 'mini']",迷你
"['Sac', 'porté', 'épaule']",双肩包
"['Sac', 'à', 'dos']",双肩包
