[],棉质
[],华达呢
['Bobengabardinedecotonà'],渔夫帽
['imprimé'],印花
"['en', 'coton', 'biologique']",有机棉
[],房子
['T-shirt'],T恤
[],Toy
[],尼龙
['Shortdebainennylonà'],沙滩裤
[],海洋
['mer'],仿皮
"['en', 'simili-cuir', 'imprimé']",印花
['Sandales'],凉鞋
[],棉质
['Casquetteencotonà'],棒球帽
"['en', 'lin']",亚麻
['Chemise'],衬衫
[],鳄鱼
"['imprimé', 'crocodile']",印花
[],科技
"['de', 'bain', 'en', 'tissu', 'technique']",织物
['Short'],沙滩裤
['recyclée'],脚蹬
[],再生
"['slip-on', 'en', 'toile']",帆布
[],一
['Baskets'],运动鞋
[],布
"['en', 'denim', 'de', 'chambray']",渔夫帽
[],青年
['Bob'],牛仔
[],印花
[],棉质
[],平纹
"['en', 'jersey', 'de', 'coton', 'imprimé']",针织
['T-shirt'],T恤
['imprimé'],印花
"['de', 'bain', 'en', 'nylon']",尼龙
['Short'],沙滩裤
[],印花
"['à', 'bride', 'en', 'cuir', 'imprimé']",皮革
['Sandales'],凉鞋
[],造型
[],科技
['recyclé'],织物
"['en', 'tissu', 'technique']",再生
['banane'],鳄鱼
['Sac'],腰包
['imprimée'],印花
"['en', 'viscose']",粘胶纤维
['Chemise'],衬衫
['stretch'],弹力
[],棉质
"['cargo', 'en', 'coton']",工装
['Short'],短裤
['imprimé'],印花
"['en', 'toile']",帆布
"['à', 'lacets']",系带
['Baskets'],运动鞋
[],棉质
[],被罩
"['en', 'coton']",套装
"['Housses', 'de', 'couette', '', 'taies', ""d'oreiller""]",枕套
[],棉质
[],平纹
[],针织
['T-shirtenjerseydecoton'],T恤
['imprimé'],印花
"['de', 'bain', 'en', 'nylon']",尼龙
['Short'],沙滩裤
['imprimé'],印花
"['en', 'caoutchouc']",橡胶
[],凉
['Claquettes'],拖
"['en', 'coton', 'biologique']",有机棉
['Peluche'],毛绒玩具
['Baroque'],巴洛克
['imprimé'],印花
['soie'],真丝
"['en', 'sergé', 'de']",斜纹
['Chemise'],衬衫
"['en', 'coton']",棉质
['Short'],短裤
['technique'],科技
[],皮革
"['en', 'cuir', 'et', 'tissu']",织物
[],印花
"['à', 'bride']",amp
[],&
[],;
['Sandales'],凉鞋
"['en', 'coton']",棉质
['Casquette'],棒球帽
[],刺绣
[],棉质
['brodé'],针织
"['en', 'jersey', 'de', 'coton']",平纹
['T-shirt'],T恤
[],汽车
"['imprimé', 'voiture']",印花
"['de', 'bain', 'en', 'matière', 'recyclée']",再生
['Short'],沙滩裤
[],麂皮
['Sneakersendaim'],运动鞋
['trucker'],司机
['Casquette'],帽
[],Arrow
[],棉质
[],珠地
[],网眼布
['enpiquédecoton'],衫
['éclairs'],闪电
['imprimé'],印花
"['en', 'coton']",棉质
['Pantalon'],运动裤
['Icon'],Logo
['imprimé'],印花
"['en', 'cuir']",皮革
"['à', 'lacets']",系带
['Baskets'],运动鞋
[],周身
[],印花
"['en', 'simili-cuir']",仿皮
"['Sac', 'à', 'dos']",双肩包
[],棉
[],莱
[],赛尔
[],平纹
['coton'],针织
['et'],amp
"['en', 'jersey', 'de', 'lyocell']",纤维
[],&
[],;
['T-shirt'],T恤
"['en', 'coton']",棉质
[],贴片
['Pantalon'],运动裤
[],撞色
"['en', 'daim', 'color-block']",麂皮
"['à', 'lacets']",系带
['Sneakers'],运动鞋
['trucker'],司机
['Casquette'],帽
[],印花
[],棉质
[],平纹
"['en', 'jersey', 'de', 'coton', 'à', 'imprimé']",针织
['T-shirt'],T恤
[],闪电
[],印花
[],撞色
"['en', 'coton', 'color-block']",棉质
['Short'],短裤
[],系带
[],皮革
['Sneakersàlacetsencuir'],运动鞋
[],双面
['réversible'],仿皮
['Ceinture'],腰带
"['à', 'rayures']",条纹
['lin'],亚麻
['et'],amp
"['en', 'coton']",棉
[],&
[],;
['Chemise'],衬衫
[],弹力
[],修身
['slim'],棉质
['Jean'],牛仔裤
"['en', 'cuir']",皮革
"['à', 'lacets']",系带
['Baskets'],运动鞋
"['en', 'coton']",棉质
['Bob'],渔夫帽
[],印花
[],棉质
[],平纹
"['en', 'jersey', 'de', 'coton', 'imprimé']",针织
['T-shirt'],T恤
['football'],足球
['imprimé'],印花
"['en', 'coton', 'biologique']",有机棉
['Short'],短裤
['recyclée'],再生
"['en', 'toile']",帆布
['Sneakers'],运动鞋
[],迷彩
[],印花
"['Bob', 'à', 'imprimé', 'camouflage']",渔夫帽
[],印花
[],棉质
[],平纹
"['en', 'jersey', 'de', 'coton', 'imprimé']",针织
['T-shirt'],T恤
[],周身
['imprimé'],印花
"['de', 'bain', 'en', 'nylon']",尼龙
['Short'],沙滩裤
[],网眼
[],系带
['Basketsàlacetsenmesh'],运动鞋
"['à', '', 'brodé']",刺绣
"['en', 'toile']",帆布
['Casquette'],棒球帽
[],棉质
[],平纹
"['en', 'jersey', 'de', 'coton']",针织
['T-shirt'],T恤
['éclairs'],闪电
[],印花
"['en', 'coton', 'imprimé']",棉质
['Short'],短裤
"['à', '', 'Maple']",枫叶
"['en', 'cuir']",皮革
"['à', 'lacets']",系带
['Sneakers'],运动鞋
[],帆布
['Sacàdosentoile'],双肩包
[],印花
[],有机棉
['T-shirtencotonbiologiqueimprimé'],T恤
[],闪电
[],印花
[],撞色
"['en', 'coton', 'color-block']",棉质
['Short'],短裤
"['en', 'cuir']",皮革
"['à', 'lacets']",系带
['Sneakers'],运动鞋
"['à', '', 'brodé']",刺绣
['Casquette'],棒球帽
[],印花
[],棉质
[],平纹
"['en', 'jersey', 'de', 'coton', 'à', 'imprimé']",针织
['T-shirt'],T恤
"['de', 'coton']",棉质
[],弹力
"['en', 'denim']",牛仔
['Short'],短裤
"['en', 'toile']",帆布
[],系带
"['sans', 'lacets']",脚蹬
[],一
['Sneakers'],运动鞋
"['en', 'coton', 'biologique']",有机棉
['Casquette'],棒球帽
[],再生
['recyclé'],纤维
"['en', 'nylon']",尼龙
['Veste'],夹克
['étoiles'],星星
[],印花
"['en', 'coton', 'imprimé']",棉质
['Short'],短裤
['recyclée'],再生
"['en', 'toile']",帆布
['Sandales'],凉鞋
"['en', 'coton', 'biologique']",有机棉
['Casquette'],棒球帽
['imprimé'],印花
"['en', 'coton', 'biologique']",有机棉
[],房子
['Sweat-shirt'],卫衣
['Doggie'],小狗
['recyclée'],再生
"['de', 'bain', 'en', 'matière']",印花
['Short'],沙滩裤
[],皮革
['Sandalesàbrideencuir'],凉鞋
[],有机棉
"['en', 'coton', 'biologique']",玩具
"['Mobile', 'véhicules']",Vehicles
[],印花
[],棉质
[],平纹
"['en', 'jersey', 'de', 'coton', 'imprimé']",针织
['T-shirt'],T恤
['étoiles'],星星
['imprimé'],印花
"['en', 'coton']",棉质
['Pantalon'],运动裤
['ourson'],泰迪熊
"['avec', 'patch']",贴片
[],logo
"['en', 'cuir']",皮革
[],多
['Sandales'],凉鞋
"['à', 'capuche']",连帽
[],印花
"['en', 'coton', 'imprimé']",卫衣
['Sweat-shirt'],棉质
['montagnes'],高山
['imprimé'],印花
"['en', 'coton', 'biologique']",有机棉
['T-shirt'],T恤
"['chevaux', 'noirs']",黑马
['imprimé'],印花
"['en', 'coton', 'biologique']",有机棉
['Jupe'],短裤
[],橡胶
[],凉
['Claquettesencaoutchouc'],拖
"['en', 'coton', 'bio']",有机棉
[],被罩
"['Housse', 'de', 'couette', '', 'taie', ""d'oreiller""]",枕套
[],印花
[],棉质
[],平纹
"['en', 'jersey', 'de', 'coton', 'imprimé']",针织
['T-shirt'],T恤
['imprimé'],印花
"['en', 'coton', 'biologique']",有机棉
['Pantalon'],运动裤
['imprimé'],印花
"['en', 'toile']",帆布
"['à', 'lacets']",系带
['Baskets'],运动鞋
"['en', 'coton', 'biologique']",有机棉
['oie'],玩具
"['Mobile', 'musical']",发声
[],连帽
"['à', 'capuche']",卫衣
"['en', 'coton']",棉质
['Sweat-shirt'],Logo
"['de', 'coton']",棉质
"['en', 'denim']",牛仔
['Short'],短裤
"['à', '', 'embossé']",压纹
"['en', 'cuir']",皮革
"['à', 'lacets']",系带
['Sneakers'],运动鞋
['biologique'],有机棉
"['réversible', 'en', 'coton']",双面
['Bob'],渔夫帽
[],印花
[],棉质
[],平纹
[],针织
['T-shirtenjerseydecotonimprimé'],T恤
['imprimé'],印花
[],动物
"['de', 'bain', 'en', 'matière', 'recyclée']",再生
['Short'],沙滩裤
['serpent'],蛇形
['détail'],装饰
['parfumé'],香氛
"['en', 'caoutchouc']",橡胶
['Sandales'],凉鞋
"['en', 'coton']",棉质
['Casquette'],棒球帽
"['à', 'capuche']",连帽
[],印花
"['en', 'coton', 'imprimé']",卫衣
['Sweat-shirt'],棉质
['latérales'],侧边
"['avec', 'bandes']",棉质
"['en', 'coton']",带
['Short'],短裤
[],扎染
[],棉质
['Sneakersbassesencotontie&amp;dye'],运动鞋
[],棉质
[],被罩
"['en', 'coton']",套装
"['Housses', 'de', 'couette', '', 'taies', ""d'oreiller""]",枕套
[],亚麻
[],西服
['Blazer'],夹克
[],海洋
"['imprimé', 'mer']",印花
"['de', 'bain', 'en', 'matière', 'recyclée']",再生
['Short'],沙滩裤
['vulcanisé'],硫化
"['en', 'coton']",棉质
"['à', 'lacets']",系带
['Sneakers'],运动鞋
[],Toy
[],棉质
[],妈咪
[],包
[],更换
['Sacmatelasàlangerencotonà'],垫
['girafes'],长颈鹿
['imprimé'],印花
"['en', 'coton', 'biologique']",有机棉
['Sweat-shirt'],卫衣
['girafes'],长颈鹿
['imprimé'],印花
"['en', 'coton', 'biologique']",有机棉
['Short'],短裤
['mesh'],网眼
"['en', 'daim', 'et']",amp
[],系带
"['à', 'lacets']",麂皮
[],&
[],;
['Sneakers'],运动鞋
"['en', 'coton']",棉质
['Bob'],渔夫帽
[],仙人掌
['cactus'],卫衣
"['en', 'coton', 'biologique', 'imprimé']",印花
['Sweat-shirt'],有机棉
"['en', 'coton', 'biologique']",有机棉
['Short'],短裤
"['à', 'bride']",周身
['Sandales'],凉鞋
[],周身
"['en', 'jacquard']",提花
['Bonnet'],帽子
['imprimé'],印花
"['en', 'coton', 'biologique']",有机棉
['T-shirt'],T恤
['stretch'],弹力
"['en', 'coton']",棉质
['Pantalon'],裤子
['recyclée'],再生
"['en', 'toile']",帆布
['Sneakers'],运动鞋
['imprimé'],印花
"['en', 'coton']",棉质
['Bob'],渔夫帽
"['en', 'coton', 'biologique']",有机棉
['Sweat-shirt'],卫衣
['imprimé'],印花
['recyclé'],再生
"['de', 'bain', 'en', 'nylon']",尼龙
['Short'],沙滩裤
['vulcanisé'],硫化
"['en', 'coton']",棉质
['Sneakers'],运动鞋
['lcon'],Icon
['imprimé'],印花
"['en', 'coton']",棉质
"['Sac', 'à', 'dos']",双肩包
[],印花
[],棉质
[],平纹
[],针织
['T-shirtenjerseydecotonimprimé'],T恤
[],渐变色
['dégradé'],弹力
"['biologique', 'stretch']",有机棉
"['en', 'coton']",棉质
['Short'],短裤
['imprimé'],印花
"['en', 'caoutchouc']",橡胶
[],凉
['Claquettes'],拖
['imprimé'],印花
[],真丝
"['en', 'soie', 'mélangée']",混纺
['Foulard'],围巾
[],刺绣
[],棉质
['brodé'],针织
"['en', 'jersey', 'de', 'coton']",平纹
['T-shirt'],T恤
[],漂洗
"['EN', 'DENIM', 'STRETCH']",弹力
['JEAN'],牛仔裤
['parfumé'],香氛
"['en', 'caoutchouc']",橡胶
['Sandales'],凉鞋
[],棉质
"['en', 'gabardine', 'de', 'coton']",华达呢
[],羽翼
[],印花
['Casquette'],棒球帽
[],印花
[],棉质
[],平纹
"['en', 'jersey', 'de', 'coton', 'imprimé']",针织
['T-shirt'],T恤
[],棉质
[],平纹
"['en', 'jersey', 'de', 'coton']",针织
['Short'],短裤
['recyclée'],再生
"['en', 'toile']",帆布
['Sneakers'],运动鞋
['Ceinture'],腰带
[],印花
[],棉质
[],平纹
"['en', 'jersey', 'de', 'coton', 'imprimé']",针织
['T-shirt'],T恤
"['imitation', 'denim']",牛仔
"['en', 'coton']",棉质
[],效果
['Pantalon'],裤子
['parfumé'],香氛
[],装饰
"['en', 'caoutchouc']",橡胶
['Sandales'],凉鞋
[],羽翼
['imprimé'],印花
"['en', 'nylon']",尼龙
"['Sac', 'à', 'dos']",双肩包
[],印花
[],有机棉
['T-shirtencotonbiologiqueimprimé'],T恤
[],弹力
[],棉质
['Jean'],牛仔裤
['vulcanisé'],硫化
"['en', 'coton']",棉质
['Sneakers'],运动鞋
[],再生
"['en', 'polyamide', 'recyclé']",聚酯纤维
['réversible'],两面
[],穿
['Veste'],夹克
[],印花
[],棉质
[],平纹
"['en', 'jersey', 'de', 'coton', 'à', 'imprimé']",针织
['T-shirt'],T恤
[],石洗
[],弹力
"['en', 'denim', 'de', 'coton', 'stretch', 'délavé']",棉质
['Jean'],牛仔裤
['vulcanisé'],硫化
"['en', 'coton']",棉质
"['à', 'lacets']",系带
['Sneakers'],运动鞋
"['en', 'gabardine']",华达呢
[],箭头
['Casquette'],棒球帽
[],印花
[],棉质
[],平纹
"['en', 'jersey', 'de', 'coton', 'à', 'imprimé']",针织
['T-shirt'],T恤
['imprimé'],印花
"['en', 'coton', 'mélangé']",混棉
['Short'],短裤
[],科技
[],织物
[],网眼
[],系带
['BasketsàlacetsenmeshTech'],运动鞋
['imprimé'],印花
"['en', 'nylon']",尼龙
"['Sac', 'à', 'dos']",双肩包
[],棉质
[],平纹
[],针织
['T-shirtenjerseydecoton'],T恤
[],迷彩
"['imprimé', 'camouflage']",印花
"['en', 'coton', 'mélangé']",混棉
['Short'],短裤
['parfumé'],香氛
[],装饰
"['en', 'caoutchouc']",橡胶
['Sandales'],凉鞋
[],印花
"['en', 'nylon', 'imprimé']",渔夫帽
['Bob'],尼龙
[],印花
[],棉质
[],平纹
"['en', 'jersey', 'de', 'coton', 'imprimé']",针织
['T-shirt'],T恤
['imprimé'],印花
"['de', 'bain', 'en', 'nylon']",尼龙
['Short'],沙滩裤
['vulcanisé'],硫化
"['à', 'scratch', 'en', 'cuir']",皮革
[],粘扣
['Sneakers'],运动鞋
['Ceinture'],腰带
['ourson'],小熊
[],印花
[],棉质
[],平纹
"['en', 'jersey', 'de', 'coton', 'imprimé']",针织
['T-shirt'],T恤
['camouflage'],迷彩
['imprimé'],印花
"['de', 'bain', 'en', 'nylon']",尼龙
['Short'],沙滩裤
['vulcanisé'],硫化
"['en', 'coton']",棉质
"['à', 'lacets']",系带
['Sneakers'],运动鞋
"['en', 'gabardine']",华达呢
[],箭头
['Casquette'],棒球帽
[],印花
[],棉质
[],平纹
"['en', 'jersey', 'de', 'coton', 'imprimé']",针织
['T-shirt'],T恤
"['de', 'coton']",棉质
"['en', 'denim']",牛仔
['Short'],短裤
['Disney'],迪士尼
['parfumé'],香氛
"['en', 'caoutchouc']",橡胶
[],印花
['Sandales'],凉鞋
[],Rounded
[],印花
[],尼龙
['Sacàdosennylonimprimé'],双肩包
['ourson'],小熊
[],印花
[],棉质
[],平纹
"['en', 'jersey', 'de', 'coton', 'imprimé']",针织
['T-shirt'],T恤
[],印花
"['en', 'molleton', 'de', 'coton', 'imprimé']",棉质
['Short'],短裤
['recyclée'],脚蹬
[],再生
"['slip-on', 'en', 'toile']",帆布
[],一
['Baskets'],运动鞋
[],迷彩
[],科技
['camouflage'],渔夫帽
"['en', 'tissu', 'technique', 'imprimé']",印花
['Bob'],织物
[],印花
[],棉质
[],平纹
"['en', 'jersey', 'de', 'coton', 'imprimé']",针织
['T-shirt'],T恤
"['&amp;', 'dye']",扎染
['tie'],棉质
"['en', 'coton', 'stretch']",弹力
['Short'],短裤
[],印花
"['parfumé', 'imprimé']",香味
"['en', 'caoutchouc']",橡胶
['Sandales'],凉鞋
"['à', '', 'embossé']",压纹
[],棉质
"['en', 'gabardine', 'de', 'coton']",华达呢
['Casquette'],帽子
[],撞色
"['de', 'coton', 'color-block']",棉质
"['en', 'popeline']",府绸
['Chemise'],衬衫
['imprimé'],印花
[],棉质
"['cargo', 'en', 'coton']",工装
['Short'],短裤
"['à', 'monogramme']",Monogram
"['en', 'caoutchouc']",橡胶
['Sandales'],凉鞋
"['ET', 'DAIM']",羊毛毡
"['DE', 'LAINE']",麂皮
"['EN', 'FEUTRE']",amp
[],&
[],;
['CASQUETTE'],帽子
[],印花
[],棉质
[],平纹
"['en', 'jersey', 'de', 'coton', 'imprimé']",针织
['T-shirt'],T恤
"['AVEC', 'BOUTONS-PRESSION']",按扣
['COTON'],纯棉
"['DE', 'SPORT', 'EN']",运动裤
['PANTALON'],侧幅
"['en', 'simili-cuir']",仿皮
"['à', 'lacets']",系带
['Sneakers'],运动鞋
"['DE', 'COTON']",棉质
"['EN', 'GABARDINE']",华达呢
['CASQUETTE'],棒球帽
['imprimé'],印花
"['en', 'coton', 'biologique']",有机棉
['T-shirt'],T恤
"['à', 'imprimé']",印花
"['en', 'coton']",棉质
"['Pantalon', 'de', 'survêtement']",运动裤
[],系带
['Sneakersàlacets'],运动鞋
"['DE', 'COTON']",棉质
"['EN', 'GABARDINE']",华达呢
['CASQUETTE'],棒球帽
