"['Lunettes', 'de', 'soleil']",太阳镜
"['à', 'motif', 'anagramme']",Anagram
"['en', 'cuir']",皮革
['Ceinture'],卡包
['cm'],厘米
"['paisley', '3,5']",3.5
['imprimé'],印花
"['en', 'cuir']",皮革
[],佩斯
[],里
['Ceinture'],腰带
[],棉质
['Casquetteencoton'],棒球帽
"['V', '', '', 'mm']",毫米
"['avec', 'boucle']",搭扣
"['en', 'cuir']",皮革
['Ceinture'],腰带
['inoxydable'],不锈钢
"['en', 'acier']",几何
"['Lunettes', 'de', 'soleil']",太阳镜
"['en', 'cuir']",皮革
['Portefeuille'],钱包
"['avec', '', 'brodé']",刺绣
"['en', 'toile']",帆布
['Casquette'],棒球帽
[],醋酸纤维
['Lunettesdesoleilenacétate'],太阳镜
"['à', '', 'brodé']",刺绣
"['en', 'coton']",棉质
['Casquette'],棒球帽
[],花朵
[],形状
['Lunettesdesoleilenformedefleur'],太阳镜
[],刺绣
"['en', 'coton', 'à', '', 'brodé']",渔夫帽
['Bob'],棉质
"['en', 'nylon']",尼龙
['carrées'],方形
"['Lunettes', 'de', 'soleil']",太阳镜
['Casquette'],棒球帽
"['en', 'cuir']",皮革
['Porte-clés'],钥匙链
['Coqueàpour'],保护套
"['en', 'acétate']",醋酸纤维
['ovales'],椭圆形
"['Lunettes', 'de', 'soleil']",太阳镜
['grainé'],粒面
"['en', 'cuir']",皮革
['Portefeuille'],钱包
['grainé'],粒面
"['en', 'cuir']",皮革
[],拉链
['zippé'],零钱
['Porte-monnaie'],包
['Casquette'],棒球帽
[],Pilot
[],有机
[],醋酸纤维
['Lunettesdesoleilenacétateécologique'],太阳镜
[],印花
[],科技
"['en', 'tissu', 'technique', 'imprimé']",渔夫帽
['Bob'],织物
"['en', 'cuir']",皮革
['Porte-clés'],钥匙链
['fraises'],草莓
[],印花
['imprimé'],零钱
['Porte-monnaie'],包
[],水晶
[],椭圆
['Lunettesdesoleilaveccristaux'],太阳镜
"['V', '', '', 'mm']",毫米
"['avec', 'boucle']",搭扣
"['en', 'cuir']",皮革
['Ceinture'],腰带
[],配
[],肩带
"['Porte-cartes', 'avec', 'lanière']",卡包
[],飞行员
[],金属
['Lunettesdesoleilenmétal'],太阳镜
"['en', 'cuir']",皮革
[],编织
['Ceinture'],腰带
"['à', '', 'brodé']",刺绣
"['en', 'coton']",棉质
['Casquette'],棒球帽
['contrastants'],对比色
"['avec', 'bords']",边缘
"['en', 'cuir']",皮革
['Porte-cartes'],卡包
[],配
"['avec', 'lanière']",肩带
"['en', 'cuir']",皮革
['Porte-cartes'],卡包
[],涂鸦
[],科技
"['en', 'tissu']",织物
['Bob'],渔夫帽
"['en', 'cuir']",皮革
['Porte-clés'],钥匙链
"['en', 'acétate']",醋酸纤维
['carrées'],方形
"['Lunettes', 'de', 'soleil']",太阳镜
"['V', '', '', 'mm']",毫米
"['avec', 'boucle']",搭扣
"['en', 'cuir']",皮革
['Ceinture'],腰带
"['en', 'cuir']",皮革
['Porte-cartes'],卡包
"['en', 'cuir']",皮革
['Portefeuille'],钱包
[],涂鸦
[],印花
"['Bob', 'à', 'imprimé', 'graffiti']",渔夫帽
[],民族
['éthnique'],真丝
"['en', 'soie', 'imprimé']",印花
[],风
['Foulard'],围巾
[],硅胶
[],generation
['Boîtiergénérationensilicone'],保护套
[],Intreccio
['Intrecciato'],编织
"['en', 'cuir']",皮革
['Porte-cartes'],卡包
"['en', 'cuir']",皮革
['Portefeuille'],钱包
"['en', 'cuir']",皮革
['Porte-clés'],钥匙链
[],方形
[],醋酸纤维
['Lunettesdesoleilenacétate'],太阳镜
"['et', 'tigre']",老虎
['fleurs'],花朵
"['à', 'imprimé']",印花
"['en', 'soie']",丝巾
[],&
[],amp
['Bandana'],;
['tressé'],编织
"['en', 'cuir']",皮革
['Ceinture'],腰带
[],格纹
"['écologique', 'à', 'carreaux']",E
"['en', 'toile']",帆布
['Portecartes'],卡包
['écologique'],有机
"['en', 'acétate']",醋酸纤维
[],方形
"['Lunettes', 'de', 'soleil']",太阳镜
[],真丝
"['de', 'poche', 'en', 'soie']",口袋
['Mouchoir'],方巾
"['', '', 'cm']",厘米
"['avec', 'boucle']",搭扣
"['en', 'cuir']",皮革
['Ceinture'],腰带
['Bob'],渔夫帽
"['en', 'acétate']",醋酸纤维
['carrées'],形
"['de', 'soleil']",太阳镜
['Lunettes'],蝴蝶
[],印花
"['imprimé', 'paisley']",皮革
"['en', 'cuir']",包
[],佩斯
[],里
['Porte-passeport'],护照
"['', 'cm']",厘米
['tressé'],编织
"['en', 'cuir']",皮革
['Ceinture'],腰带
"['en', 'cuir']",皮革
['Porte-cartes'],卡包
[],棉质
[],华达呢
['Casquetteengabardinedecoton'],棒球帽
"['10,2']",10.2
"['en', 'acétate']",醋酸纤维
['carrées'],方形
"['Lunettes', 'de', 'soleil']",太阳镜
['écologique'],有机
"['en', 'acétate']",醋酸纤维
[],方形
"['Lunettes', 'de', 'soleil']",太阳镜
"['""""']",”
[],“
[],卡车司机
['CASQUETTE'],帽
"['grainé', 'avec', 'porte-clés']",钥匙链
[],配
[],仿皮
[],拉链
"['en', 'cuir']",卡包
"['Porte-cartes', 'zippé']",开合
['cm'],厘米
"['', '3,5']",3.5
"['en', 'cuir']",皮革
['réversible'],双面
['Ceinture'],腰带
"['', 'cm']",厘米
['mélangée'],混纺
"['en', 'viscose']",粘胶纤维
['Ceinture'],腰带
['rondes'],圆形
"['Lunettes', 'de', 'soleil']",太阳镜
[],印花
[],仿
"['en', 'simili-cuir']",皮卡
['Porte-cartes'],包
[],棉质
[],帆布
['entoile'],棒球帽
"['Lunettes', 'de', 'soleil']",太阳镜
[],蓝牙
['Écouteurssansfil'],耳机
[],格纹
"['écologique', 'à', 'carreaux']",印花
[],E
"['en', 'toile']",帆布
[],-
[],零钱
['Portefeuille'],包
['inoxydable'],不锈钢
"['en', 'acier']",几何
"['Lunettes', 'de', 'soleil']",太阳镜
"['à', 'monogramme']",Monogram
[],涂层
"['en', 'coton', 'enduit']",帆布
['Portefeuille'],钱包
[],涂层
[],帆布
"['à', 'monogramme']",拉链
[],Monogram
"['zippé', 'en', 'coton', 'enduit']",环绕
['Portefeuille'],钱包
[],无线
"['sans', 'fil']",耳机
['Casque'],头戴式
['blanches'],白色
['carrées'],方形
"['Lunettes', 'de', 'soleil']",太阳镜
[],蓝牙
['Écouteurssansfil'],耳机
"['avec', '', 'en', 'métal']",金属
[],amp
"['en', 'cuir']",皮革
[],&
[],;
['Porte-cartes'],卡包
"['à', '', 'brodé']",刺绣
"['en', 'coton', 'mélangé']",混棉
['Casquette'],棒球帽
['desoleil'],太阳镜
['Casquette'],棒球帽
"['en', 'cuir']",皮革
[],信用卡
['Porte-cartes'],包
[],方形
[],醋酸纤维
['Lunettesdesoleilenacétate'],太阳镜
[],双面
[],科技
['monogramme'],渔夫帽
"['réversible', 'en', 'tissu', 'technique']",monogram
['Bob'],织物
"['en', 'cuir']",皮革
['Porte-cartes'],卡包
"['en', 'acétate']",醋酸纤维
['ovales'],椭圆形
"['Lunettes', 'de', 'soleil']",太阳镜
[],印花
[],仿
"['en', 'simili-cuir']",皮卡
['Porte-cartes'],包
[],棉质
['Casquetteencoton'],棒球帽
['desoleil'],太阳镜
"['2,5']",2.5
"['en', 'cuir']",皮革
['Ceinture'],腰带
"['en', 'acétate']",醋酸纤维
[],方形
['carrées'],面具
"['Lunettes', 'de', 'soleil']",太阳镜
[],棉质
['Casquetteencoton'],帽子
[],帆布
['Portefeuilleentoile'],钱包
"['en', 'acétate']",醋酸纤维
[],方形
['carrées'],面具
"['Lunettes', 'de', 'soleil']",太阳镜
"['à', '', 'brodé']",刺绣
"['en', 'coton']",棉质
['Casquette'],棒球帽
"['en', 'cuir']",皮革
['Porte-clés'],钥匙链
[],厘米
[],编织
['Ceinturesangleàcm'],腰带
[],Arrow
['Étuipour'],保护套
"['avec', 'patch']",贴片
['coton'],棉质
"['en', 'toile', 'de']",帆布
['Casquette'],棒球帽
"['en', 'cuir']",皮革
['Portefeuille'],钱包
['desoleil'],太阳镜
[],皮革
[],帆布
"['en', 'cuir', 'et', 'toile']",卡包
['zippée'],amp
[],&
['Porte-cartes'],;
"['en', 'cuir']",皮带
['Ceinture'],涂鸦
"['Lunettes', 'de', 'soleil']",太阳镜
['imprimé'],印花
[],科技
"['en', 'textile', 'technique']",口罩
['Masque'],织物
[],皮革
[],手机
['Coqueencuirà'],壳
['Ceinture'],腰带
[],方形
[],醋酸纤维
['Lunettesdesoleilcarréesenacétate'],太阳镜
[],硅胶
['Porte-cartes'],卡包
['noir'],黑色
"['en', 'acétate']",醋酸纤维
['carrées'],方形
"['Lunettes', 'de', 'soleil']",太阳镜
[],印花
[],金属
['Bouteilleenmétalimprimé'],水瓶
"['en', 'acétate']",醋酸纤维
['carrées'],方形
"['Lunettes', 'de', 'soleil']",太阳镜
"['', 'mm']",毫米
"['en', 'cuir']",皮革
['Ceinture'],腰带
[],棉质
['Casquetteencoton'],帽子
"['en', 'cuir']",皮革
['Portefeuille'],钱包
[],配
"['à', '', 'avec', 'porte-clés']",钥匙链
"['en', 'cuir']",皮革
['Porte-cartes'],卡包
[],编织
"['en', 'cuir']",皮革
['Portefeuille'],钱包
"['', '', 'cm']",厘米
"['en', 'cuir', 'avec', 'boucle']",搭扣
['Ceinture'],皮带
"['en', 'métal']",金属
"['de', 'soleil']",太阳镜
['Lunettes'],飞行员
[],印花
[],棉质
"['en', 'toile', 'de', 'coton', 'imprimé']",帆布
['Bob'],渔夫帽
[],周身
['imprimé'],印花
"['en', 'cuir']",皮革
['Portefeuille'],钱包
[],科技
"['en', 'tissu', 'technique', 'mélangé']",混纺
['Casquette'],棒球帽
['cm'],厘米
"['3,5']",3.5
['anagramme'],Anagram
"['en', 'cuir']",皮革
['réversible'],双面
['Ceinture'],腰带
[],Monogram
"['en', 'cuir', 'à', 'monogramme']",皮革
['Porte-cartes'],卡包
['Porte-cartes'],卡包
"[""d'aspect"", 'délavé']",洗水
"['en', 'coton']",棉质
['Bob'],渔夫帽
[],皮革
[],手机
['Étuipourtéléphoneencuir'],包
[],厘米
[],双面
['Ceintureréversiblecm'],腰带
['desoleil'],太阳镜
"['et', 'soie']",真丝
[],羊绒
"['en', 'cachemire']",amp
[],&
[],;
['Écharpe'],围巾
['Quint'],Quin
"['en', 'acétate']",醋酸纤维
['rondes'],圆形
"['Lunettes', 'de', 'soleil']",太阳镜
"['avec', '', 'en', 'métal']",金属
[],amp
"['en', 'cuir']",皮革
[],&
[],;
['Portefeuille'],钱包
[],编织
['Ceinture'],腰带
[],棉质
"['en', 'toile']",帆布
['Bob'],渔夫帽
['desoleil'],太阳镜
['Ceintureà'],腰带
['desoleil'],太阳镜
[],帆布
['Casquetteentoiledétailweb'],棒球帽
[],编织
"['en', 'cuir']",皮革
['Porte-cartes'],卡包
[],刺绣
[],棉质
['Casquetteencotonimprimé'],棒球帽
['jacquard'],提花
"['de', 'laine']",羊毛
"['en', 'maille']",针织
['Écharpe'],围巾
[],两面
"['réversible', 'en', 'cuir']",皮革
[],用
['Ceinture'],腰带
['desoleil'],太阳镜
"['en', 'coton', 'mélangé']",混棉
['Robe'],帽子
"['en', 'coton']",棉质
['Chaussettes'],袜子
[],醋酸纤维
['Lunettesdesoleilenacétate'],太阳镜
"['3,5']",3.5
"['en', 'cuir']",皮革
['Ceinture'],腰带
[],皮革
"['EN', 'CUIR']",卡包
[],“
['PORTE-CARTES'],”
"['en', 'métal']",金属
"['Porte-clés', '']",钥匙链
[],条纹
['Ceintureàrayuresavec'],腰带
['desoleil'],太阳镜
[],刺绣
['brodée'],织物
[],科技
"['en', 'toile', 'technique']",帆布
['Casquette'],棒球帽
[],帆布
['Portefeuilleentoile'],钱包
['brodé'],刺绣
"['en', 'nylon']",尼龙
['Porte-cartes'],卡包
[],羊毛
[],针织
['Écharpeenmailledelaine'],围巾
[],皮革
[],手机
['Étuipourtéléphoneencuir'],包
"['en', 'acétate']",醋酸纤维
['rondes'],圆框
"['Lunettes', 'de', 'soleil']",太阳镜
[],印花
"['en', 'soie', 'imprimée']",真丝
['Foulard'],围巾
"['3,5']",3.5
"['en', 'cuir']",皮革
['Ceinture'],腰带
"['en', 'acétate']",醋酸纤维
['rondes'],方框
"['Lunettes', 'de', 'soleil']",太阳镜
[],迷彩
"['Bob', 'camouflage']",渔夫帽
['voiture'],Car
['embossé'],压纹
"['en', 'cuir']",皮革
['Porte-cartes'],卡包
[],美杜莎
[],皮革
['Porte-clésencuirMedusa'],钥匙链
[],格纹
"['à', 'carreaux']",棉质
"['en', 'toile', 'de', 'coton']",帆布
['Bob'],渔夫帽
[],amp
"['et', 'toile']",帆布
"['en', 'cuir']",皮革
[],&
[],;
['Portefeuille'],钱包
[],厘米
"['éco', '', '', 'cm']",e
"['en', 'toile']",帆布
['réversible'],双面
[],格纹
[],-
['Ceinture'],腰带
['desoleil'],太阳镜
[],&
[],amp
[],;
[],皮革
[],吊坠
['Porte-clésencuir'],钥匙链
"['en', 'cuir']",皮革
['Portefeuille'],钱包
"['en', 'silicone']",硅胶
['Étui'],保护套
[],棉质
[],帆布
['entoiledecoton'],渔夫帽
['cm'],厘米
"['3,5']",3.5
['anagramme'],Anagram
"['en', 'cuir']",皮革
['réversible'],双面
['Ceinture'],腰带
"['en', 'acétate']",醋酸纤维
['carrées'],方形
"['Lunettes', 'de', 'soleil']",太阳镜
[],皮革
"['PORTE-CARTES', 'EN', 'CUIR']",卡包
"['en', 'acétate']",醋酸纤维
['carrées'],方形
"['Lunettes', 'de', 'soleil']",太阳镜
[],Monogram
"['en', 'cuir', 'à', 'monogramme']",皮革
['Porte-cartes'],卡包
"['en', 'cuir']",皮革
['Porte-cartes'],卡包
[],棉质
"['en', 'gabardine', 'de', 'coton']",华达呢
[],贴片
['Casquette'],棒球帽
[],波点
[],醋酸纤维
['Lunettesdesoleilenacétate'],太阳镜
[],Monogram
"['en', 'cuir', 'à', 'monogramme']",皮革
['Porte-cartes'],卡包
[],厘米
"['', '', 'cm']",Mack
"['en', 'cuir', 'imprimé']",印花
['Ceinture'],皮带
"['en', 'cuir']",皮革
['Porte-cartes'],卡包
[],棉质
['Casquetteencoton'],棒球帽
"['en', 'coton', 'mélangé']",混棉
['Écharpe'],围巾
['imprimé'],印花
"['en', 'cuir']",皮革
['Portes-cartes'],卡包
[],两面
[],科技
[],织物
"['technique', 'à', 'monogramme']",渔夫帽
"['réversible', 'en', 'tissu']",Monogram
['Bob'],用
"['en', 'cuir']",皮革
['Portefeuille'],钱包
[],威尔士
['prince-de-galles'],亲王
[],纹
['jacquard'],提花
"['en', 'laine']",羊毛
['Écharpe'],围巾
[],毫米
"['EN', 'CUIR']",皮革
['RÉVERSIBLE'],双面
['CEINTURE'],腰带
[],毫米
[],帆布
[],&
[],amp
[],;
[],皮革
['CEINTUREENTOILEETCUIRMM'],腰带
"['AVEC', '', 'BRODÉ']",刺绣
['CASQUETTE'],棒球帽
"['AVEC', '', 'BRODÉ']",刺绣
['CASQUETTE'],棒球帽
"['AVEC', '', 'BRODÉ']",刺绣
['CASQUETTE'],棒球帽
"['AVEC', '', 'BRODÉ']",刺绣
['CASQUETTE'],棒球帽
"['AVEC', '', 'BRODÉ']",刺绣
['CASQUETTE'],棒球帽
['cm'],毫米
"['', '4']",40
['embossé'],压纹
"['en', 'cuir']",皮革
[],“
[],”
[],LOGO
['Ceinture'],腰带
['CM'],厘米
"['EN', 'CUIR', '3,5']",3.5
['RÉVERSIBLE'],双面
[],用
['CEINTURE'],皮带
['CM'],厘米
"['EN', 'CUIR', '3,5']",3.5
['RÉVERSIBLE'],双面
[],用
['CEINTURE'],皮带
"['à', '', 'brodé']",刺绣
['coton'],棉质
"['en', 'toile', 'de']",帆布
['Casquette'],棒球帽
"['à', '', 'brodé']",刺绣
['coton'],棉质
"['en', 'toile', 'de']",帆布
['Casquette'],棒球帽
"['à', '', 'brodé']",刺绣
['coton'],棉质
"['en', 'toile', 'de']",帆布
['Casquette'],棒球帽
"['', '', 'cm']",厘米
"['en', 'cuir']",皮革
['réversible'],双面
['Ceinture'],腰带
['desoleil'],太阳镜
[],格纹
"['', 'MM']",E
"['À', 'CARREAUX']",复古
[],毫米
"['EN', 'TOILE', 'ÉCOLOGIQUE']",帆布
[],-
['CEINTURE'],腰带
[],毫米
"['EN', 'CUIR']",皮革
['RÉVERSIBLE'],双面
['CEINTURE'],腰带
[],Giant
[],羊绒
['Écharpeencachemire'],围巾
['imprimé'],印花
"['en', 'gabardine']",华达呢
[],飞溅
[],颜料
['Casquette'],棒球帽
['imprimé'],印花
"['en', 'gabardine']",华达呢
[],飞溅
[],颜料
['Casquette'],棒球帽
['BOUCLE'],搭扣
['AVEC'],金色
[],厘米
"['EN', 'CUIR']",皮带
[],“
['CEINTURE'],”
[],毫米
"['EN', 'CUIR']",皮革
['RÉVERSIBLE'],双面
['CEINTURE'],腰带
"['EN', 'CUIR']",皮革
['PORTEFEUILLE'],钱包
[],毫米
[],搭扣
[],皮革
"['CEINTUREENCUIRAVECBOUCLE""-""MM']",腰带
[],厘米
"['', 'cm']",皮革
"['en', 'cuir', 'anagramme']",Anagram
['réversible'],双面
['Ceinture'],腰带
[],厘米
"['', 'cm']",皮革
"['en', 'cuir', 'anagramme']",Anagram
['réversible'],双面
['Ceinture'],腰带
[],厘米
"['', 'cm']",皮革
"['en', 'cuir', 'anagramme']",Anagram
['réversible'],双面
['Ceinture'],腰带
[],厘米
"['', 'cm']",皮革
"['en', 'cuir', 'anagramme']",Anagram
['réversible'],双面
['Ceinture'],腰带
"['en', 'coton']",棉质
['Casquette'],棒球帽
